Workbook

Sheet NZTL
A1: Sl No | B1: PI NO | C1: Applicant Name | D1: Issuing Bank | E1: LC Number | F1: LC Date | G1: LC Rev Date | H1: LC Value | I1: Amd Value | J1: Total Value | K1: Unit Price | L1: Quantity | M1: Shipment Date | N1: Expiry Date | O1: Marketing Person
A2: =A3+1 -> 767 | B2: 23241/26 | C2: NZ DENIM LTD. | D2: SHAHJALAL ISLAMI BANK LTD. KAWRAN BAZAR BRANCH | E2: 2970 2603 00068 | F2: 24.06.26 | G2: 46198 | H2: 82335 | J2: =SUM(Table1[[#This Row],[LC Value]:[Amd Value]]) -> 82335 | K2: 3.3 | L2: 24950 | M2: 20.08.26 | N2: 10.09.26 | O2: =IFERROR(_xlfn.XLOOKUP(C2, Data!$A$2:$A$236, Data!$C$2:$C$236), "") -> MD. Sir
A3: =A4+1 -> 766 | B3: 23242/26 | C3: NZ DENIM LTD. | D3: SHAHJALAL ISLAMI BANK LTD. KAWRAN BAZAR BRANCH | E3: 2970 2603 00069 | F3: 24.06.26 | G3: 46198 | H3: 32400 | J3: =SUM(Table1[[#This Row],[LC Value]:[Amd Value]]) -> 32400 | K3: 3.6 | L3: 9000 | M3: 20.08.26 | N3: 10.09.26 | O3: =IFERROR(_xlfn.XLOOKUP(C3, Data!$A$2:$A$236, Data!$C$2:$C$236), "") -> MD. Sir
A4: =A5+1 -> 765 | B4: 23238/26 | C4: NZ FABRICS LTD. | D4: BRAC BANK T.O. TEJGAON BRANCH. | E4: 3085 2603 00965 | F4: 24.06.26 | G4: 46198 | H4: 27840 | J4: =SUM(Table1[[#This Row],[LC Value]:[Amd Value]]) -> 27840 | K4: 3.35 | L4: 8700 | M4: 20.08.26 | N4: 10.09.26 | O4: =IFERROR(_xlfn.XLOOKUP(C4, Data!$A$2:$A$236, Data!$C$2:$C$236), "") -> MD. Sir
A5: =A6+1 -> 764 | B5: 23215/26 23216/26 23217/26 23219/26 | C5: NZ FABRICS LTD. | D5: EBL TRADE OPERATIONS GULSHAN BRANCH. | E5: 1475 2603 01607 | F5: 24.06.26 | G5: 46198 | H5: =71297.5+86262.5+112357.5+28382.5 -> 298300 | J5: =SUM(Table1[[#This Row],[LC Value]:[Amd Value]]) -> 298300 | K5: 3.35 | L5: 27850 | M5: 20.08.26 | N5: 10.09.26 | O5: =IFERROR(_xlfn.XLOOKUP(C5, Data!$A$2:$A$236, Data!$C$2:$C$236), "") -> MD. Sir
A6: =A7+1 -> 763 | B6: 23218/26 | C6: NZ FABRICS LTD. | D6: CITY BANK PLC TSD. GULSHAN BRANCH. | E6: 0751 2603 01002 | F6: 24.06.26 | G6: 46198 | H6: 65722.5 | J6: =SUM(Table1[[#This Row],[LC Value]:[Amd Value]]) -> 65722.5 | K6: 3.45 | L6: 19050 | M6: 20.08.26 | N6: 10.09.26 | O6: =IFERROR(_xlfn.XLOOKUP(C6, Data!$A$2:$A$236, Data!$C$2:$C$236), "") -> MD. Sir
A7: =A8+1 -> 762 | B7: 23239/26 | C7: NZ DENIM LTD. | D7: CITY BANK PLC TSD. GULSHAN BRANCH. | E7: 0751 2603 01007 | F7: 24.06.26 | G7: 46198 | H7: 139612.5 | J7: =SUM(Table1[[#This Row],[LC Value]:[Amd Value]]) -> 139612.5 | K7: 2.95 | L7: 46850 | M7: 20.08.26 | N7: 10.09.26 | O7: =IFERROR(_xlfn.XLOOKUP(C7, Data!$A$2:$A$236, Data!$C$2:$C$236), "") -> MD. Sir
A8: =A9+1 -> 761 | B8: 231768/26 | C8: SONNET TEXTILE INDUSTRIES LTD. | D8: PREMIER BANK PLC AGRABAD BRANCH | E8: 2151 2604 00119 | F8: 23.06.26 | G8: 46197 | H8: 35900 | J8: =SUM(Table1[[#This Row],[LC Value]:[Amd Value]]) -> 35900 | K8: 3.45 | L8: 10000 | M8: 20.08.26 | N8: 10.09.26 | O8: =IFERROR(_xlfn.XLOOKUP(C8, Data!$A$2:$A$236, Data!$C$2:$C$236), "") -> Mr. Lipu Sir
A9: =A10+1 -> 760 | B9: 23201/26 | C9: RIPON KNITWEAR LTD. | D9: SOUTHEAST BANK PLC. GULSHAN BRANCH | E9: 1343 2603 00372 | F9: 23.06.26 | G9: 46197 | H9: 22580 | J9: =SUM(Table1[[#This Row],[LC Value]:[Amd Value]]) -> 22580 | K9: 4.1 | L9: 5450 | M9: 25.07.26 | N9: 09.08.26 | O9: =IFERROR(_xlfn.XLOOKUP(C9, Data!$A$2:$A$236, Data!$C$2:$C$236), "") -> Mr. Reza Sir
A10: =A11+1 -> 759 | B10: 23224/26 | C10: NZ FABRICS LTD. | D10: EBL TRADE OPERATIONS GULSHAN BRANCH. | E10: 1475 2603 01584 | F10: 23.06.26 | G10: 46197 | H10: 8917.5 | J10: =SUM(Table1[[#This Row],[LC Value]:[Amd Value]]) -> 8917.5 | K10: 2.5 | L10: 2600 | M10: 25.07.26 | N10: 09.08.26 | O10: =IFERROR(_xlfn.XLOOKUP(C10, Data!$A$2:$A$236, Data!$C$2:$C$236), "") -> MD. Sir
A11: =A12+1 -> 758 | B11: 23227/26 | C11: NZ DENIM LTD. | D11: CITY BANK PLC TSD. GULSHAN BRANCH. | E11: 0751 2603 00998 | F11: 23.06.26 | G11: 46197 | H11: 35750 | J11: =SUM(Table1[[#This Row],[LC Value]:[Amd Value]]) -> 35750 | K11: 2.5 | L11: 14300 | M11: 25.07.26 | N11: 09.08.26 | O11: =IFERROR(_xlfn.XLOOKUP(C11, Data!$A$2:$A$236, Data!$C$2:$C$236), "") -> MD. Sir
A12: =A13+1 -> 757 | B12: 23085/26 | C12: SCANDEX TEXTILE INDUSTRIES LTD. | D12: UCBL NARAYANGANJ BRANCH | E12: 1009 2604 00430 | F12: 22.06.26 | G12: 53250 | H12: 53250 | J12: =SUM(Table1[[#This Row],[LC Value]:[Amd Value]]) -> 53250 | K12: 3.55 | L12: 15000 | M12: 25.07.26 | N12: 09.08.26 | O12: =IFERROR(_xlfn.XLOOKUP(C12, Data!$A$2:$A$236, Data!$C$2:$C$236), "") -> Mr. Reza Sir
A13: =A14+1 -> 756 | B13: 23197/26 | C13: NZ FABRICS LTD. | D13: CITY BANK PLC TSD. GULSHAN BRANCH. | E13: 0751 2603 00984 | F13: 22.06.26 | G13: 46196 | H13: 16920 | J13: =SUM(Table1[[#This Row],[LC Value]:[Amd Value]]) -> 16920 | K13: 3.6 | L13: 4700 | M13: 30.07.26 | N13: 14.08.26 | O13: =IFERROR(_xlfn.XLOOKUP(C13, Data!$A$2:$A$236, Data!$C$2:$C$236), "") -> MD. Sir
A14: =A15+1 -> 755 | B14: 23196/26 | C14: NZ FABRICS LTD. | D14: CITY BANK PLC TSD. GULSHAN BRANCH. | E14: 0751 2603 00986 | F14: 22.06.26 | G14: 46196 | H14: 11470 | J14: =SUM(Table1[[#This Row],[LC Value]:[Amd Value]]) -> 11470 | K14: 3.7 | L14: 3100 | M14: 30.07.26 | N14: 14.08.26 | O14: =IFERROR(_xlfn.XLOOKUP(C14, Data!$A$2:$A$236, Data!$C$2:$C$236), "") -> MD. Sir
A15: =A16+1 -> 754 | B15: 23209/26 | C15: IMPRESS NEWTEX COMPOSITE TEXTILES LTD. | D15: ONE BANK PLC BANANI BRANCH | E15: 1886 2603 00128 | F15: 22.06.26 | G15: 46195 | H15: 63014.5 | J15: =SUM(Table1[[#This Row],[LC Value]:[Amd Value]]) -> 63014.5 | K15: 3.93 | L15: 17400 | M15: 10.07.26 | N15: 25.07.26 | O15: =IFERROR(_xlfn.XLOOKUP(C15, Data!$A$2:$A$236, Data!$C$2:$C$236), "") -> Mr. Reza Sir
A16: =A17+1 -> 753 | B16: 23220/26 | C16: Tex Fabrics | D16: UTTARA BANK PLC FOREIGN EXCHANGE BRANCH | E16: 0435 2604 0530 | F16: 22.06.26 | G16: 46195 | H16: 10500 | J16: =SUM(Table1[[#This Row],[LC Value]:[Amd Value]]) -> 10500 | K16: 3.4 | L16: 3000 | M16: 10.07.26 | N16: 25.07.26 | O16: =IFERROR(_xlfn.XLOOKUP(C16, Data!$A$2:$A$236, Data!$C$2:$C$236), "") -> Mr. Lipu Sir
A17: =A18+1 -> 752 | B17: 23207/26 | C17: IMPRESS NEWTEX COMPOSITE TEXTILES LTD. | D17: ONE BANK PLC BANANI BRANCH | E17: 1886 2603 00127 | F17: 22.06.26 | G17: 46195 | H17: 27144 | J17: =SUM(Table1[[#This Row],[LC Value]:[Amd Value]]) -> 27144 | K17: 3.48 | L17: 7800 | M17: 20.07.26 | N17: 30.07.26 | O17: =IFERROR(_xlfn.XLOOKUP(C17, Data!$A$2:$A$236, Data!$C$2:$C$236), "") -> Mr. Reza Sir
A18: =A19+1 -> 751 | B18: 23200/26 | C18: ASTRO KNITWEAR LTD. | D18: SOUTHEAST BANK LTD. CORPORATE BRANCH | E18: 1351 2604 01000 | F18: 21.06.26 | G18: 46195 | H18: 141900 | J18: =SUM(Table1[[#This Row],[LC Value]:[Amd Value]]) -> 141900 | K18: 4.25 | L18: 24500 | M18: 25.07.26 | N18: 10.08.26 | O18: =IFERROR(_xlfn.XLOOKUP(C18, Data!$A$2:$A$236, Data!$C$2:$C$236), "") -> Mr. Reza Sir
A19: =A20+1 -> 750 | B19: 23167/26 | C19: COTTON CLOUT (BD) LTD. | D19: PUBALI BANK PLC. MOHAKHALI BRANCH | E19: 0216 2604 01724 | F19: 21.06.26 | G19: 46195 | H19: =104125+62250 -> 166375 | J19: =SUM(Table1[[#This Row],[LC Value]:[Amd Value]]) -> 166375 | K19: 4.25 | L19: 24500 | M19: 01.08.26 | N19: 11.08.26 | O19: =IFERROR(_xlfn.XLOOKUP(C19, Data!$A$2:$A$236, Data!$C$2:$C$236), "") -> Director Sir
A20: =A21+1 -> 749 | B20: 23203/26 | C20: NZ FABRICS LTD. | D20: EBL TRADE OPERATIONS GULSHAN BRANCH. | E20: 1475 2603 01562 | F20: 21.06.26 | G20: 46195 | H20: 56625 | J20: =SUM(Table1[[#This Row],[LC Value]:[Amd Value]]) -> 56625 | K20: 3.75 | L20: 15100 | M20: 30.07.26 | N20: 15.08.26 | O20: =IFERROR(_xlfn.XLOOKUP(C20, Data!$A$2:$A$236, Data!$C$2:$C$236), "") -> MD. Sir
A21: =A22+1 -> 748 | B21: 23204/26 | C21: NZ FABRICS LTD. | D21: EBL TRADE OPERATIONS GULSHAN BRANCH. | E21: 1475 2603 01563 | F21: 21.06.26 | G21: 46195 | H21: 17430 | J21: =SUM(Table1[[#This Row],[LC Value]:[Amd Value]]) -> 17430 | K21: 4.2 | L21: 17430 | M21: 30.07.26 | N21: 15.08.26 | O21: =IFERROR(_xlfn.XLOOKUP(C21, Data!$A$2:$A$236, Data!$C$2:$C$236), "") -> MD. Sir
A22: =A23+1 -> 747 | B22: 23202/26 | C22: NZ FABRICS LTD. | D22: EBL TRADE OPERATIONS GULSHAN BRANCH. | E22: 1475 2603 01564 | F22: 21.06.26 | G22: 46197 | H22: 18450 | J22: =SUM(Table1[[#This Row],[LC Value]:[Amd Value]]) -> 18450 | K22: 3 | L22: 6150 | M22: 30.07.26 | N22: 15.08.26 | O22: =IFERROR(_xlfn.XLOOKUP(C22, Data!$A$2:$A$236, Data!$C$2:$C$236), "") -> MD. Sir
A23: =A24+1 -> 746 | B23: 23097/26 | C23: ESQUIRE KNIT COMPOSITE LTD. | D23: AL-ARAFAH ISLAMI BANK PLC GULSHAN BRANCH | E23: 1086 2604 01400 | F23: 21.06.26 | G23: 46195 | H23: 34597.5 | J23: =SUM(Table1[[#This Row],[LC Value]:[Amd Value]]) -> 34597.5 | K23: 3.8 | L23: 9200 | M23: 30.07.26 | N23: 15.08.26 | O23: =IFERROR(_xlfn.XLOOKUP(C23, Data!$A$2:$A$236, Data!$C$2:$C$236), "") -> Mr. Sohel Sir
A24: =A25+1 -> 745 | B24: 23150/26 | C24: COTTON CLUB (BD) LTD. | D24: UCBL UTTARA BRANCH | E24: 1021 2604 01026 | F24: 16.06.26 | G24: 46197 | H24: 18850 | J24: =SUM(Table1[[#This Row],[LC Value]:[Amd Value]]) -> 18850 | K24: 3.45 | L24: 5000 | M24: 30.11.26 | N24: 15.12.26 | O24: =IFERROR(_xlfn.XLOOKUP(C24, Data!$A$2:$A$236, Data!$C$2:$C$236), "") -> Director Sir
A25: =A26+1 -> 744 | B25: 23194/26 | C25: NZ DENIM LTD. | D25: BRAC BANK T.O. TEJGAON BRANCH. | E25: 3085 2603 00927 | F25: 18.06.26 | G25: 46193 | H25: 31455 | J25: =SUM(Table1[[#This Row],[LC Value]:[Amd Value]]) -> 31455 | K25: 2.7 | L25: 11650 | M25: 30.11.26 | N25: 15.12.26 | O25: =IFERROR(_xlfn.XLOOKUP(C25, Data!$A$2:$A$236, Data!$C$2:$C$236), "") -> MD. Sir
A26: =A27+1 -> 743 | B26: 23155/26 | C26: S M KNITWEARS LTD. | D26: EBL TRADE OPERATIONS GULSHAN BRANCH. | E26: 1475 2604 06465 | F26: 18.06.26 | G26: 46197 | H26: 14255 | J26: =SUM(Table1[[#This Row],[LC Value]:[Amd Value]]) -> 14255 | K26: 3.65 | L26: 3900 | M26: 30.11.26 | N26: 15.12.26 | O26: =IFERROR(_xlfn.XLOOKUP(C26, Data!$A$2:$A$236, Data!$C$2:$C$236), "") -> Mr. Reza Sir
A27: =A28+1 -> 742 | B27: 23179/26 | C27: AR TEX COMPOSITE LTD. | D27: DBBL NARAYANGANJ BRANCH | E27: 1680 2604 01066 | F27: 18.06.26 | G27: 46193 | H27: 91250 | J27: =SUM(Table1[[#This Row],[LC Value]:[Amd Value]]) -> 91250 | K27: 3.65 | L27: 25000 | M27: 30.11.26 | N27: 15.12.26 | O27: =IFERROR(_xlfn.XLOOKUP(C27, Data!$A$2:$A$236, Data!$C$2:$C$236), "") -> Mr. Sohel Sir
A28: =A29+1 -> 741 | B28: 23193/26 | C28: NZ FABRICS LTD. | D28: EBL TO GULSHAN AVENUE | E28: 1475 2603 01546 | F28: 18.06.26 | G28: 46197 | H28: 15900 | J28: =SUM(Table1[[#This Row],[LC Value]:[Amd Value]]) -> 15900 | K28: 3.6 | L28: 3950 | M28: 30.11.26 | N28: 15.12.26 | O28: =IFERROR(_xlfn.XLOOKUP(C28, Data!$A$2:$A$236, Data!$C$2:$C$236), "") -> MD. Sir
A29: =A30+1 -> 740 | B29: 23192/26 | C29: NZ FABRICS LTD. | D29: EBL TO GULSHAN AVENUE | E29: 1475 2603 01545 | F29: 18.06.26 | G29: 46197 | H29: 20502.5 | J29: =SUM(Table1[[#This Row],[LC Value]:[Amd Value]]) -> 20502.5 | K29: 4.4 | L29: 29350 | M29: 30.11.26 | N29: 15.12.26 | O29: =IFERROR(_xlfn.XLOOKUP(C29, Data!$A$2:$A$236, Data!$C$2:$C$236), "") -> MD. Sir
A30: =A31+1 -> 739 | B30: 23195/26 | C30: NZ DENIM LTD. | D30: CITY BANK PLC TSD. GULSHAN BRANCH. | E30: 0751 2604 05801 | F30: 18.06.26 | G30: 46196 | H30: 84700 | J30: =SUM(Table1[[#This Row],[LC Value]:[Amd Value]]) -> 84700 | K30: 4.4 | L30: 29350 | M30: 30.11.26 | N30: 15.12.26 | O30: =IFERROR(_xlfn.XLOOKUP(C30, Data!$A$2:$A$236, Data!$C$2:$C$236), "") -> MD. Sir
A31: =A32+1 -> 738 | B31: 23182/26 | C31: NZ FABRICS LTD. | D31: CITY BANK PLC TSD. GULSHAN BRANCH. | E31: 0751 2603 00966 | F31: 18.06.26 | G31: 46193 | H31: 8460 | J31: =SUM(Table1[[#This Row],[LC Value]:[Amd Value]]) -> 8460 | K31: 4.4 | L31: 1950 | M31: 30.11.26 | N31: 15.12.26 | O31: =IFERROR(_xlfn.XLOOKUP(C31, Data!$A$2:$A$236, Data!$C$2:$C$236), "") -> MD. Sir
... A35: =A36+1 -> 734 | B35: 23135/26 | C35: MODELE DE CAPITAL IND. LTD. | D35: PUBALI BANK N.GONJ BRANCH. | E35: 0202 2604 01786 | F35: 14.06.26 | G35: 46191 | H35: 111880 | J35: =SUM(Table1[[#This Row],[LC Value]:[Amd Value]]) -> 111880 | K35: 3.4 | L35: 32800 | M35: 30.11.26 | N35: 15.12.26 | O35: =IFERROR(_xlfn.XLOOKUP(C35, Data!$A$2:$A$236, Data!$C$2:$C$236), "") -> Director Sir
A36: =A37+1 -> 733 | B36: 23177/26 | C36: SCARLET KNITWEAR'S LTD. | D36: SHAHJALAL ISLAMI BANK LTD. NARAYANGANJ BRANCH | E36: 2971 2604 01890 | F36: 46196 | G36: 46190 | H36: 12150 | J36: =SUM(Table1[[#This Row],[LC Value]:[Amd Value]]) -> 12150 | K36: 4.05 | L36: 3000 | M36: 15.07.26 | N36: 30.07.26 | O36: =IFERROR(_xlfn.XLOOKUP(C36, Data!$A$2:$A$236, Data!$C$2:$C$236), "") -> Mr. Amran Sir
A37: =A38+1 -> 732 | B37: 23171/26 | C37: NZ DENIM LTD. | D37: SHAHJALAL ISLAMI BANK LTD. KAWRAN BAZAR BRANCH | E37: 2970 2603 00067 | F37: 16.06.26 | G37: 46195 | H37: 82765 | J37: =SUM(Table1[[#This Row],[LC Value]:[Amd Value]]) -> 82765 | K37: 3.5 | L37: 24200 | M37: 14.07.26 | N37: 29.07.26 | O37: =IFERROR(_xlfn.XLOOKUP(C37, Data!$A$2:$A$236, Data!$C$2:$C$236), "") -> MD. Sir
A38: =A39+1 -> 731 | B38: 23170/26 | C38: NZ DENIM LTD. | D38: BRAC BANK T.O. TEJGAON BRANCH. | E38: 3085 2603 00913 | F38: 16.06.26 | G38: 46195 | H38: 15937.5 | J38: =SUM(Table1[[#This Row],[LC Value]:[Amd Value]]) -> 15937.5 | K38: 3.5 | L38: 6250 | M38: 14.07.26 | N38: 29.07.26 | O38: =IFERROR(_xlfn.XLOOKUP(C38, Data!$A$2:$A$236, Data!$C$2:$C$236), "") -> MD. Sir
A39: =A40+1 -> 730 | B39: 23172/26 | C39: NZ DENIM LTD. | D39: BRAC BANK T.O. TEJGAON BRANCH. | E39: 3085 2603 00918 | F39: 16.06.26 | G39: 46195 | H39: 65340 | J39: =SUM(Table1[[#This Row],[LC Value]:[Amd Value]]) -> 65340 | K39: 3.5 | L39: 18150 | M39: 14.07.26 | N39: 29.07.26 | O39: =IFERROR(_xlfn.XLOOKUP(C39, Data!$A$2:$A$236, Data!$C$2:$C$236), "") -> MD. Sir
A40: =A41+1 -> 729 | B40: 23173/26 | C40: NZ DENIM LTD. | D40: BRAC BANK T.O. TEJGAON BRANCH. | E40: 3085 2604 05153 | F40: 16.06.26 | G40: 46196 | H40: 108150 | J40: =SUM(Table1[[#This Row],[LC Value]:[Amd Value]]) -> 108150 | K40: 3.5 | L40: 30900 | M40: 14.07.26 | N40: 29.07.26 | O40: =IFERROR(_xlfn.XLOOKUP(C40, Data!$A$2:$A$236, Data!$C$2:$C$236), "") -> MD. Sir
A41: =A42+1 -> 728 | B41: 23166/26 | C41: NZ DENIM LTD. | D41: CITY BANK PLC TSD. GULSHAN BRANCH. | E41: 0751 2603 00954 | F41: 16.06.26 | G41: 46197 | H41: 60187.5 | J41: =SUM(Table1[[#This Row],[LC Value]:[Amd Value]]) -> 60187.5 | K41: 2.75 | L41: 21650 | M41: 14.07.26 | N41: 29.07.26 | O41: =IFERROR(_xlfn.XLOOKUP(C41, Data!$A$2:$A$236, Data!$C$2:$C$236), "") -> MD. Sir
A42: =A43+1 -> 727 | B42: 23160/26 | C42: NZ FABRICS LTD. | D42: CITY BANK PLC TSD. GULSHAN BRANCH. | E42: 0751 2603 00956 | F42: 16.06.26 | G42: 46197 | H42: 30780 | J42: =SUM(Table1[[#This Row],[LC Value]:[Amd Value]]) -> 30780 | K42: 3.6 | L42: 8550 | M42: 14.07.26 | N42: 29.07.26 | O42: =IFERROR(_xlfn.XLOOKUP(C42, Data!$A$2:$A$236, Data!$C$2:$C$236), "") -> MD. Sir
A43: =A44+1 -> 726 | B43: 23163/26 | C43: NZ FABRICS LTD. | D43: BRAC BANK T.O. TEJGAON BRANCH. | E43: 3085 2603 00912 | F43: 16.06.26 | G43: 46195 | H43: 29040 | J43: =SUM(Table1[[#This Row],[LC Value]:[Amd Value]]) -> 29040 | K43: 4.8 | L43: 6050 | M43: 14.07.26 | N43: 29.07.26 | O43: =IFERROR(_xlfn.XLOOKUP(C43, Data!$A$2:$A$236, Data!$C$2:$C$236), "") -> MD. Sir
A44: =A45+1 -> 725 | B44: 23164/26 | C44: NZ FABRICS LTD. | D44: BRAC BANK T.O. TEJGAON BRANCH. | E44: 3085 2603 00911 | F44: 16.06.26 | G44: 46195 | H44: 16087.5 | J44: =SUM(Table1[[#This Row],[LC Value]:[Amd Value]]) -> 16087.5 | K44: 4.95 | L44: 3250 | M44: 14.07.26 | N44: 29.07.26 | O44: =IFERROR(_xlfn.XLOOKUP(C44, Data!$A$2:$A$236, Data!$C$2:$C$236), "") -> MD. Sir
A45: =A46+1 -> 724 | B45: 23151/26 | C45: FAR EAST KNITTING & DYEING INDUSTRIES LTD. | D45: CITY BANK PLC TSD. GULSHAN BRANCH. | E45: 0751 2604 05659 | F45: 16.06.26 | G45: 46196 | H45: 22750 | J45: =SUM(Table1[[#This Row],[LC Value]:[Amd Value]]) -> 22750 | K45: 4.55 | L45: 5000 | M45: 25.07.26 | N45: 15.08.26 | O45: =IFERROR(_xlfn.XLOOKUP(C45, Data!$A$2:$A$236, Data!$C$2:$C$236), "") -> Mr. Reza Sir
A46: =A47+1 -> 723 | B46: 23147/26 | C46: M.M. KNITWEAR LTD. | D46: UCBL BANGSHAL BRANCH | E46: 1007 2604 01530 | F46: 46188 | G46: 46195 | H46: 20250 | J46: =SUM(Table1[[#This Row],[LC Value]:[Amd Value]]) -> 20250 | K46: 4.05 | L46: 5000 | M46: 20.08.26 | N46: 05.09.26 | O46: =IFERROR(_xlfn.XLOOKUP(C46, Data!$A$2:$A$236, Data!$C$2:$C$236), "") -> Mr. Reza Sir
A47: =A48+1 -> 722 | B47: 23148/26 | C47: M.M. KNITWEAR LTD. | D47: UCBL BANGSHAL BRANCH | E47: 1007 2604 01529 | F47: 46188 | G47: 46195 | H47: 54195 | J47: =SUM(Table1[[#This Row],[LC Value]:[Amd Value]]) -> 54195 | K47: 4.1 | L47: 13200 | M47: 20.08.26 | N47: 05.09.26 | O47: =IFERROR(_xlfn.XLOOKUP(C47, Data!$A$2:$A$236, Data!$C$2:$C$236), "") -> Mr. Reza Sir
A48: =A49+1 -> 721 | B48: 23149/26 | C48: M.M. KNITWEAR LTD. | D48: UCBL BANGSHAL BRANCH | E48: 1007 2604 01528 | F48: 46188 | G48: 46195 | H48: 15070 | J48: =SUM(Table1[[#This Row],[LC Value]:[Amd Value]]) -> 15070 | K48: 4.05 | L48: 3700 | M48: 20.08.26 | N48: 05.09.26 | O48: =IFERROR(_xlfn.XLOOKUP(C48, Data!$A$2:$A$236, Data!$C$2:$C$236), "") -> Mr. Reza Sir
A49: =A50+1 -> 720 | B49: 23088/26 | C49: GOLDEN REFIT GARMENTS LTD. | D49: PREMIER BANK LTD. BANANI BRANCH | E49: 2155 2604 00980 | F49: 46188 | G49: 46189 | H49: 59070 | J49: =SUM(Table1[[#This Row],[LC Value]:[Amd Value]]) -> 59070 | K49: 3.58 | L49: 16500 | M49: 20.08.26 | N49: 05.09.26 | O49: =IFERROR(_xlfn.XLOOKUP(C49, Data!$A$2:$A$236, Data!$C$2:$C$236), "") -> Mr. Reza Sir
A50: =A51+1 -> 719 | B50: 23089/26 | C50: J.M. FABRICS LTD. | D50: PRIME BANK PLC. GULSHAN BRANCH | E50: 1555 2603 00815 | F50: 46188 | G50: 46195 | H50: 10232.5 | J50: =SUM(Table1[[#This Row],[LC Value]:[Amd Value]]) -> 10232.5 | K50: 3.43 | L50: 2750 | M50: 15.07.26 | N50: 30.07.26 | O50: =IFERROR(_xlfn.XLOOKUP(C50, Data!$A$2:$A$236, Data!$C$2:$C$236), "") -> Mr. Sohel Sir
A51: =A52+1 -> 718 | B51: 23134/26 | C51: IMPRESS NEWTEX COMPOSITE TEXTILES LTD. | D51: ONE BANK PLC BANANI BRANCH | E51: 1886 2603 00126 | F51: 46188 | G51: 46195 | H51: 14616 | J51: =SUM(Table1[[#This Row],[LC Value]:[Amd Value]]) -> 14616 | K51: 3.48 | L51: 4200 | M51: 10.07.26 | N51: 20.07.26 | O51: =IFERROR(_xlfn.XLOOKUP(C51, Data!$A$2:$A$236, Data!$C$2:$C$236), "") -> Mr. Reza Sir
A52: =A53+1 -> 717 | B52: 23086/26 | C52: COMFIT COMPOSITE KNIT LTD. | D52: MUTUAL TRUST BANK LTD. MIST MOTIJHEEL BRANCH | E52: 2228 2604 04834 | F52: 46188 | G52: 46188 | H52: 7600 | J52: =SUM(Table1[[#This Row],[LC Value]:[Amd Value]]) -> 7600 | K52: 3.8 | L52: 2000 | M52: 10.07.26 | N52: 25.07.26 | O52: =IFERROR(_xlfn.XLOOKUP(C52, Data!$A$2:$A$236, Data!$C$2:$C$236), "") -> Mr. Reza Sir
A53: =A54+1 -> 716 | B53: 23124/26 | C53: MAMUN KNITWEAR LTD. | D53: UCBL BANGSHAL BRANCH | E53: 1007 2604 01501 | F53: 14.06.26 | G53: 46191 | H53: 181547.5 | J53: =SUM(Table1[[#This Row],[LC Value]:[Amd Value]]) -> 181547.5 | K53: 4.05 | L53: 43600 | M53: 31.08.26 | N53: 15.09.26 | O53: =IFERROR(_xlfn.XLOOKUP(C53, Data!$A$2:$A$236, Data!$C$2:$C$236), "") -> Mr. Reza Sir
A54: =A55+1 -> 715 | B54: 23026/26 | C54: SB STYLE COMPOSITE LIMITED | D54: MERCANTILE BANK PLC KAWRAN BRANCH | E54: 1742 2604 00131 | F54: 14.06.26 | G54: 46195 | H54: 269575 | J54: =SUM(Table1[[#This Row],[LC Value]:[Amd Value]]) -> 269575 | K54: 3.9 | L54: 68000 | M54: 05.08.26 | N54: 20.08.26 | O54: =IFERROR(_xlfn.XLOOKUP(C54, Data!$A$2:$A$236, Data!$C$2:$C$236), "") -> Mr. Reza Sir
A55: =A56+1 -> 714 | B55: 22853/26 22854/26 | C55: P.N COMPOSITE LTD. | D55: HSBC TEJGAON BRANCH | E55: BBCDAK630622 | F55: 14.06.26 | G55: 46195 | H55: =114000+76000 -> 190000 | J55: =SUM(Table1[[#This Row],[LC Value]:[Amd Value]]) -> 190000 | K55: 3.8 | L55: 50000 | M55: 01.08.26 | N55: 15.08.26 | O55: =IFERROR(_xlfn.XLOOKUP(C55, Data!$A$2:$A$236, Data!$C$2:$C$236), "") -> Director Sir
A56: =A57+1 -> 713 | B56: 23141/26 | C56: P.N COMPOSITE LTD. | D56: HSBC TEJGAON BRANCH | E56: BBCDAK630621 | F56: 14.06.26 | G56: 46195 | H56: 16200 | I56: -200 | J56: =SUM(Table1[[#This Row],[LC Value]:[Amd Value]]) -> 16000 | K56: 4 | L56: 4000 | M56: 01.08.26 | N56: 15.08.26 | O56: =IFERROR(_xlfn.XLOOKUP(C56, Data!$A$2:$A$236, Data!$C$2:$C$236), "") -> Director Sir
A57: =A58+1 -> 712 | B57: 23116/26 | C57: M.M. KNITWEAR LTD. | D57: UCBL BANGSHAL BRANCH | E57: 1007 2604 01463 | F57: 46184 | G57: 46189 | H57: 56700 | J57: =SUM(Table1[[#This Row],[LC Value]:[Amd Value]]) -> 56700 | K57: 3.95 | L57: 14000 | M57: 31.07.26 | N57: 15.08.26 | O57: =IFERROR(_xlfn.XLOOKUP(C57, Data!$A$2:$A$236, Data!$C$2:$C$236), "") -> Mr. Reza Sir
A58: =A59+1 -> 711 | B58: 23114/26 | C58: M.M. KNITWEAR LTD. | D58: UCBL BANGSHAL BRANCH | E58: 1007 2604 01454 | F58: 46184 | G58: 46189 | H58: 7745 | J58: =SUM(Table1[[#This Row],[LC Value]:[Amd Value]]) -> 7745 | K58: 3.95 | L58: 2000 | M58: 31.07.26 | N58: 15.08.26 | O58: =IFERROR(_xlfn.XLOOKUP(C58, Data!$A$2:$A$236, Data!$C$2:$C$236), "") -> Mr. Reza Sir
A59: =A60+1 -> 710 | B59: 23115/26 | C59: M.M. KNITWEAR LTD. | D59: UCBL BANGSHAL BRANCH | E59: 1007 2604 01452 | F59: 46184 | G59: 46189 | H59: 7910 | J59: =SUM(Table1[[#This Row],[LC Value]:[Amd Value]]) -> 7910 | K59: 3.95 | L59: 2000 | M59: 31.07.26 | N59: 15.08.26 | O59: =IFERROR(_xlfn.XLOOKUP(C59, Data!$A$2:$A$236, Data!$C$2:$C$236), "") -> Mr. Reza Sir
A60: =A61+1 -> 709 | B60: 23117/26 | C60: M.M. KNITWEAR LTD. | D60: UCBL BANGSHAL BRANCH | E60: 1007 2604 01465 | F60: 46184 | G60: 46191 | H60: 38415 | J60: =SUM(Table1[[#This Row],[LC Value]:[Amd Value]]) -> 38415 | K60: 4.15 | L60: 9300 | M60: 31.07.26 | N60: 15.08.26 | O60: =IFERROR(_xlfn.XLOOKUP(C60, Data!$A$2:$A$236, Data!$C$2:$C$236), "") -> Mr. Reza Sir
A61: =A62+1 -> 708 | B61: 23118/26 | C61: M.M. KNITWEAR LTD. | D61: UCBL BANGSHAL BRANCH | E61: 1007 2604 01466 | F61: 46184 | G61: 46187 | H61: 101050 | J61: =SUM(Table1[[#This Row],[LC Value]:[Amd Value]]) -> 101050 | K61: 4.15 | L61: 23500 | M61: 31.07.26 | N61: 15.08.26 | O61: =IFERROR(_xlfn.XLOOKUP(C61, Data!$A$2:$A$236, Data!$C$2:$C$236), "") -> Mr. Reza Sir
A62: =A63+1 -> 707 | B62: 23128/26 | C62: M.M. KNITWEAR LTD. | D62: UCBL BANGSHAL BRANCH | E62: 1007 2604 01494 | F62: 46184 | G62: 46187 | H62: 59345 | J62: =SUM(Table1[[#This Row],[LC Value]:[Amd Value]]) -> 59345 | K62: 4.15 | L62: 14300 | M62: 31.07.26 | N62: 15.08.26 | O62: =IFERROR(_xlfn.XLOOKUP(C62, Data!$A$2:$A$236, Data!$C$2:$C$236), "") -> Mr. Reza Sir
A63: =A64+1 -> 706 | B63: 23126/26 | C63: M.M. KNITWEAR LTD. | D63: UCBL BANGSHAL BRANCH | E63: 1007 2604 01495 | F63: 46184 | G63: 46187 | H63: 52095 | J63: =SUM(Table1[[#This Row],[LC Value]:[Amd Value]]) -> 52095 | K63: 4.05 | L63: 12850 | M63: 31.07.26 | N63: 15.08.26 | O63: =IFERROR(_xlfn.XLOOKUP(C63, Data!$A$2:$A$236, Data!$C$2:$C$236), "") -> Mr. Reza Sir
A64: =A65+1 -> 705 | B64: 23125/26 | C64: M.M. KNITWEAR LTD. | D64: UCBL BANGSHAL BRANCH | E64: 1007 2604 01491 | F64: 46184 | G64: 46187 | H64: 21440 | J64: =SUM(Table1[[#This Row],[LC Value]:[Amd Value]]) -> 21440 | K64: 4.05 | L64: 5200 | M64: 31.07.26 | N64: 15.08.26 | O64: =IFERROR(_xlfn.XLOOKUP(C64, Data!$A$2:$A$236, Data!$C$2:$C$236), "") -> Mr. Reza Sir
A65: =A66+1 -> 704 | B65: 23127/26 | C65: M.M. KNITWEAR LTD. | D65: UCBL BANGSHAL BRANCH | E65: 1007 2604 01492 | F65: 46184 | G65: 46187 | H65: 35260 | J65: =SUM(Table1[[#This Row],[LC Value]:[Amd Value]]) -> 35260 | K65: 4.1 | L65: 8600 | M65: 31.07.26 | N65: 15.08.26 | O65: =IFERROR(_xlfn.XLOOKUP(C65, Data!$A$2:$A$236, Data!$C$2:$C$236), "") -> Mr. Reza Sir
A66: =A67+1 -> 703 | B66: 23139/26 | C66: NZ DENIM LTD. | D66: CITY BANK PLC TSD. GULSHAN BRANCH. | E66: 0751 2603 00939 | F66: 46184 | G66: 46191 | H66: 8760 | J66: =SUM(Table1[[#This Row],[LC Value]:[Amd Value]]) -> 8760 | K66: 2.4 | L66: 3650 | M66: 25.06.26 | N66: 10.07.26 | O66: =IFERROR(_xlfn.XLOOKUP(C66, Data!$A$2:$A$236, Data!$C$2:$C$236), "") -> MD. Sir
A67: =A68+1 -> 702 | B67: 23136/26 | C67: NZ DENIM LTD. | D67: SHAHJALAL ISLAMI BANK LTD. KAWRAN BAZAR BRANCH | E67: 2970 2603 00065 | F67: 46184 | G67: 46191 | H67: 61625 | J67: =SUM(Table1[[#This Row],[LC Value]:[Amd Value]]) -> 61625 | K67: 2.55 | L67: 24550 | M67: 25.06.26 | N67: 10.07.26 | O67: =IFERROR(_xlfn.XLOOKUP(C67, Data!$A$2:$A$236, Data!$C$2:$C$236), "") -> MD. Sir
A68: =A69+1 -> 701 | B68: 23143/26 23144/26 | C68: NZ DENIM LTD. | D68: BRAC BANK T.O. TEJGAON BRANCH. | E68: 3085 2603 00893 | F68: 46184 | G68: 46191 | H68: =9280+6510 -> 15790 | J68: =SUM(Table1[[#This Row],[LC Value]:[Amd Value]]) -> 15790 | K68: 2.9 | L68: =3200+2100 -> 5300 | M68: 25.06.26 | N68: 10.07.26 | O68: =IFERROR(_xlfn.XLOOKUP(C68, Data!$A$2:$A$236, Data!$C$2:$C$236), "") -> MD. Sir
A69: =A70+1 -> 700 | B69: 23142/26 | C69: NZ FABRICS LTD. | D69: BRAC BANK T.O. TEJGAON BRANCH. | E69: 3085 2603 00892 | F69: 46184 | G69: 46191 | H69: 570807.5 | J69: =SUM(Table1[[#This Row],[LC Value]:[Amd Value]]) -> 570807.5 | K69: 3.05 | L69: 187150 | M69: 10.07.26 | N69: 31.07.26 | O69: =IFERROR(_xlfn.XLOOKUP(C69, Data!$A$2:$A$236, Data!$C$2:$C$236), "") -> MD. Sir
A70: =A71+1 -> 699 | B70: 23129/26 | C70: FAR EAST KNITTING & DYEING INDUSTRIES LTD. | D70: CITY BANK PLC TSD. GULSHAN BRANCH. | E70: 0751 2604 05535 | F70: 46184 | G70: 46189 | H70: 38000 | J70: =SUM(Table1[[#This Row],[LC Value]:[Amd Value]]) -> 38000 | K70: 3.8 | L70: 10000 | M70: 10.07.26 | N70: 31.07.26 | O70: =IFERROR(_xlfn.XLOOKUP(C70, Data!$A$2:$A$236, Data!$C$2:$C$236), "") -> Mr. Reza Sir
A71: =A72+1 -> 698 | B71: 23133/26 | C71: FAR EAST KNITTING & DYEING INDUSTRIES LTD. | D71: CITY BANK PLC TSD. GULSHAN BRANCH. | E71: 0751 2604 05534 | F71: 46184 | G71: 46189 | H71: 36300 | J71: =SUM(Table1[[#This Row],[LC Value]:[Amd Value]]) -> 36300 | K71: 3.45 | L71: 10500 | M71: 10.07.26 | N71: 31.07.26 | O71: =IFERROR(_xlfn.XLOOKUP(C71, Data!$A$2:$A$236, Data!$C$2:$C$236), "") -> Mr. Reza Sir
A72: =A73+1 -> 697 | B72: 23120/26 | C72: MASCO COTTONS LTD. | D72: JAMUNA BANK MOHAKHALI BRANCH. | E72: 3035 2604 00751 | F72: 10.06.26 | G72: 46184 | H72: 20112.5 | J72: =SUM(Table1[[#This Row],[LC Value]:[Amd Value]]) -> 20112.5 | K72: 3.65 | L72: 5500 | M72: 10.07.26 | N72: 25.07.26 | O72: =IFERROR(_xlfn.XLOOKUP(C72, Data!$A$2:$A$236, Data!$C$2:$C$236), "") -> Mr. Lipu Sir
A73: =A74+1 -> 696 | B73: 23130/26 | C73: NZ DENIM LTD. | D73: CITY BANK PLC TSD. GULSHAN BRANCH. | E73: 0751 2603 00937 | F73: 10.06.26 | G73: 46189 | H73: 31780 | J73: =SUM(Table1[[#This Row],[LC Value]:[Amd Value]]) -> 31780 | K73: 4.25 | L73: 10700 | M73: 10000 | N73: 25.07.26 | O73: =IFERROR(_xlfn.XLOOKUP(C73, Data!$A$2:$A$236, Data!$C$2:$C$236), "") -> MD. Sir
A74: =A75+1 -> 695 | B74: 23100/26 | C74: COTTON CLUB (BD) LTD. | D74: UCBL UTTARA BRANCH | E74: 1021 2604 00996 | F74: 10.06.26 | G74: 46189 | H74: 63750 | J74: =SUM(Table1[[#This Row],[LC Value]:[Amd Value]]) -> 63750 | K74: 4.25 | L74: 15000 | M74: 10000 | N74: 25.07.26 | O74: =IFERROR(_xlfn.XLOOKUP(C74, Data!$A$2:$A$236, Data!$C$2:$C$236), "") -> Director Sir
A75: =A76+1 -> 694 | B75: 23099/26 | C75: COTTON CLUB (BD) LTD. | D75: UCBL UTTARA BRANCH | E75: 1021 2604 00999 | F75: 10.06.26 | G75: 46189 | H75: 42500 | J75: =SUM(Table1[[#This Row],[LC Value]:[Amd Value]]) -> 42500 | K75: 4.25 | L75: 10000 | M75: 10000 | N75: 25.07.26 | O75: =IFERROR(_xlfn.XLOOKUP(C75, Data!$A$2:$A$236, Data!$C$2:$C$236), "") -> Director Sir
A76: =A77+1 -> 693 | B76: 23112/26 | C76: NZ FABRICS LTD. | D76: BRAC BANK T.O. TEJGAON BRANCH. | E76: 3085 2603 00841 | F76: 07.06.26 | G76: 46183 | H76: 12765 | J76: =SUM(Table1[[#This Row],[LC Value]:[Amd Value]]) -> 12765 | K76: 3.7 | L76: 3450 | M76: 10.07.26 | N76: 25.07.26 | O76: =IFERROR(_xlfn.XLOOKUP(C76, Data!$A$2:$A$236, Data!$C$2:$C$236), "") -> MD. Sir
A77: =A78+1 -> 692 | B77: 23122/26 | C77: NZ FABRICS LTD. | D77: BRAC BANK T.O. TEJGAON BRANCH. | E77: 3085 2603 00874 | F77: 09.06.26 | G77: 46189 | H77: 7920 | J77: =SUM(Table1[[#This Row],[LC Value]:[Amd Value]]) -> 7920 | K77: 3.3 | L77: 2400 | M77: 10.07.26 | N77: 25.07.26 | O77: =IFERROR(_xlfn.XLOOKUP(C77, Data!$A$2:$A$236, Data!$C$2:$C$236), "") -> MD. Sir
A78: =A79+1 -> 691 | B78: 23090/26 | C78: VICTORIA INTIMATE LTD. | D78: PRIME BANK PLC. ISLAMIC BANKING BRANCH | E78: 1544 2604 00576 | F78: 08.06.26 | G78: 46189 | H78: 21300 | J78: =SUM(Table1[[#This Row],[LC Value]:[Amd Value]]) -> 21300 | K78: 3.55 | L78: 6000 | M78: 10.07.26 | N78: 25.07.26 | O78: =IFERROR(_xlfn.XLOOKUP(C78, Data!$A$2:$A$236, Data!$C$2:$C$236), "") -> Mr. Wadud Sir
A79: =A80+1 -> 690 | B79: 23121/26 | C79: NZ FABRICS LTD. | D79: EBL TRADE OPERATIONS GULSHAN BRANCH. | E79: 1475 2603 01412 | F79: 08.06.26 | G79: 46189 | H79: 58862.5 | J79: =SUM(Table1[[#This Row],[LC Value]:[Amd Value]]) -> 58862.5 | K79: 3.25 | L79: 18300 | M79: 15.07.26 | N79: 30.07.26 | O79: =IFERROR(_xlfn.XLOOKUP(C79, Data!$A$2:$A$236, Data!$C$2:$C$236), "") -> MD. Sir
A80: =A81+1 -> 689 | B80: 23059/26 | C80: NRG KNIT COMPOSITE | D80: AL-ARAFA ISLAMI BANK PLC. DILKUSHA BRANCH | E80: 1080 2604 00412 | F80: 25.05.26 | G80: 46180 | H80: 42000 | J80: =SUM(Table1[[#This Row],[LC Value]:[Amd Value]]) -> 42000 | K80: 4 | L80: 10500 | M80: 15.07.26 | N80: 30.07.26 | O80: =IFERROR(_xlfn.XLOOKUP(C80, Data!$A$2:$A$236, Data!$C$2:$C$236), "") -> Mr. Sohel Sir
A81: =A82+1 -> 688 | B81: 23095/26 | C81: SIM FABRICS LTD. | D81: PREMIER BANK PLC DILKUSHA BRANCH | E81: 2150 2604 00750 | F81: 03.06.26 | G81: 46189 | H81: 70030 | J81: =SUM(Table1[[#This Row],[LC Value]:[Amd Value]]) -> 70030 | K81: 4.7 | L81: 14750 | M81: 07.07.26 | N81: 22.07.26 | O81: =IFERROR(_xlfn.XLOOKUP(C81, Data!$A$2:$A$236, Data!$C$2:$C$236), "") -> MD. Sir
A82: =A83+1 -> 687 | B82: 22359/26 | C82: Tex Fabrics | D82: UTTARA BANK PLC FOREIGN EXCHANGE BRANCH | E82: 0435 2604 0492 | F82: 04.06.26 | G82: 46182 | H82: 32400 | J82: =SUM(Table1[[#This Row],[LC Value]:[Amd Value]]) -> 32400 | K82: 3.5 | L82: 37000 | M82: 15.06.26 | N82: 30.06.26 | O82: =IFERROR(_xlfn.XLOOKUP(C82, Data!$A$2:$A$236, Data!$C$2:$C$236), "") -> Mr. Lipu Sir
A83: =A84+1 -> 686 | B83: 22922/26 | C83: P.N COMPOSITE LTD. | D83: PRIME BANK PLC GULSHAN AVENUE BRANCH | E83: 1555 2604 01634 | F83: 01.06.26 | G83: 46177 | H83: =105000+23800 -> 128800 | J83: =SUM(Table1[[#This Row],[LC Value]:[Amd Value]]) -> 128800 | K83: 3.5 | L83: 37000 | M83: 15.06.26 | N83: 30.06.26 | O83: =IFERROR(_xlfn.XLOOKUP(C83, Data!$A$2:$A$236, Data!$C$2:$C$236), "") -> Director Sir
A84: =A85+1 -> 685 | B84: 22920/26 | C84: P.N COMPOSITE LTD. | D84: PRIME BANK PLC GULSHAN AVENUE BRANCH | E84: 1555 2604 01620 | F84: 01.06.26 | G84: 46177 | H84: 17250 | J84: =SUM(Table1[[#This Row],[LC Value]:[Amd Value]]) -> 17250 | K84: 3.45 | L84: 5000 | M84: 12.06.26 | N84: 27.06.26 | O84: =IFERROR(_xlfn.XLOOKUP(C84, Data!$A$2:$A$236, Data!$C$2:$C$236), "") -> Director Sir
A85: =A86+1 -> 684 | B85: 23098/26 | C85: Pakiza Knit Composite Ltd. | D85: DHAKA BANK PLC. TO GULSHAN BRANCH | E85: 1413 2604 00703 | F85: 01.06.26 | G85: 46177 | H85: 54750 | J85: =SUM(Table1[[#This Row],[LC Value]:[Amd Value]]) -> 54750 | K85: 3.65 | L85: 15000 | M85: 15.07.26 | N85: 30.07.26 | O85: =IFERROR(_xlfn.XLOOKUP(C85, Data!$A$2:$A$236, Data!$C$2:$C$236), "") -> Mr. Lipu Sir
A86: =A87+1 -> 683 | B86: 23111/26 | C86: NZ DENIM LTD. | D86: BRAC BANK T.O. TEJGAON BRANCH. | E86: 3085 2603 00836 | F86: 03.06.26 | G86: 46181 | H86: 19360 | J86: =SUM(Table1[[#This Row],[LC Value]:[Amd Value]]) -> 19360 | K86: 3.6 | L86: 5150 | M86: 12.06.26 | N86: 27.06.26 | O86: =IFERROR(_xlfn.XLOOKUP(C86, Data!$A$2:$A$236, Data!$C$2:$C$236), "") -> MD. Sir
A87: =A88+1 -> 682 | B87: 23107/26 | C87: NZ FABRICS LTD. | D87: CITY BANK PLC TSD. GULSHAN BRANCH. | E87: 0751 2603 00921 | F87: 03.06.26 | G87: 46181 | H87: 10965 | J87: =SUM(Table1[[#This Row],[LC Value]:[Amd Value]]) -> 10965 | K87: 4.3 | L87: 2550 | M87: 12.06.26 | N87: 27.06.26 | O87: =IFERROR(_xlfn.XLOOKUP(C87, Data!$A$2:$A$236, Data!$C$2:$C$236), "") -> MD. Sir
A88: =A89+1 -> 681 | B88: 23110/26 | C88: NZ FABRICS LTD. | D88: EBL TRADE OPERATIONS GULSHAN BRANCH. | E88: 1475 2603 01400 | F88: 03.06.26 | G88: 46182 | H88: 54600 | J88: =SUM(Table1[[#This Row],[LC Value]:[Amd Value]]) -> 54600 | K88: 4.2 | L88: 13000 | M88: 12.06.26 | N88: 27.06.26 | O88: =IFERROR(_xlfn.XLOOKUP(C88, Data!$A$2:$A$236, Data!$C$2:$C$236), "") -> MD. Sir
A89: =A90+1 -> 680 | B89: 23105/26 | C89: NZ FABRICS LTD. | D89: EBL TRADE OPERATIONS GULSHAN BRANCH. | E89: 1475 2603 01399 | F89: 03.06.26 | G89: 46182 | H89: 18465 | J89: =SUM(Table1[[#This Row],[LC Value]:[Amd Value]]) -> 18465 | K89: 3.6 | L89: 4900 | M89: 12.06.26 | N89: 27.06.26 | O89: =IFERROR(_xlfn.XLOOKUP(C89, Data!$A$2:$A$236, Data!$C$2:$C$236), "") -> MD. Sir
A90: =A91+1 -> 679 | B90: 22925/26 | C90: P.N COMPOSITE LTD. | D90: PRIME BANK PLC. GULSHAN BRANCH | E90: 1555 2604 01623 | F90: 24.05.26 | G90: 46176 | H90: 11655 | J90: =SUM(Table1[[#This Row],[LC Value]:[Amd Value]]) -> 11655 | K90: 3.15 | L90: 3700 | M90: 12.06.26 | N90: 27.06.26 | O90: =IFERROR(_xlfn.XLOOKUP(C90, Data!$A$2:$A$236, Data!$C$2:$C$236), "") -> Director Sir
A91: =A92+1 -> 678 | B91: 23080/26 | C91: NZ DENIM LTD. | D91: CITY BANK PLC TSD. GULSHAN BRANCH. | E91: 0751 2603 00908 | F91: 24.05.26 | G91: 46177 | H91: 44625 | J91: =SUM(Table1[[#This Row],[LC Value]:[Amd Value]]) -> 44625 | K91: 3.75 | L91: 11900 | M91: 30.06.26 | N91: 15.07.26 | O91: =IFERROR(_xlfn.XLOOKUP(C91, Data!$A$2:$A$236, Data!$C$2:$C$236), "") -> MD. Sir
A92: =A93+1 -> 677 | B92: 23081/26 | C92: NZ DENIM LTD. | D92: CITY BANK PLC TSD. GULSHAN BRANCH. | E92: 0751 2603 00909 | F92: 24.05.26 | G92: 46177 | H92: 36117.5 | J92: =SUM(Table1[[#This Row],[LC Value]:[Amd Value]]) -> 36117.5 | K92: 3 | L92: 14450 | M92: 30.06.26 | N92: 15.07.26 | O92: =IFERROR(_xlfn.XLOOKUP(C92, Data!$A$2:$A$236, Data!$C$2:$C$236), "") -> MD. Sir
A93: =A94+1 -> 676 | B93: 23093/26 | C93: NZ DENIM LTD. | D93: CITY BANK PLC TSD. GULSHAN BRANCH. | E93: 0751 2603 00916 | F93: 01.06.26 | G93: 46181 | H93: 88090 | J93: =SUM(Table1[[#This Row],[LC Value]:[Amd Value]]) -> 88090 | K93: 3.1 | L93: 26050 | M93: 30.06.26 | N93: 15.07.26 | O93: =IFERROR(_xlfn.XLOOKUP(C93, Data!$A$2:$A$236, Data!$C$2:$C$236), "") -> MD. Sir
A94: =A95+1 -> 675 | B94: 23092/26 | C94: NZ DENIM LTD. | D94: CITY BANK PLC TSD. GULSHAN BRANCH. | E94: 0751 2603 00915 | F94: 01.06.26 | G94: 46181 | H94: 140275 | J94: =SUM(Table1[[#This Row],[LC Value]:[Amd Value]]) -> 140275 | K94: 3.1 | L94: 45250 | M94: 30.06.26 | N94: 15.07.26 | O94: =IFERROR(_xlfn.XLOOKUP(C94, Data!$A$2:$A$236, Data!$C$2:$C$236), "") -> MD. Sir
A95: =A96+1 -> 674 | B95: 23079/26 | C95: NZ DENIM LTD. | D95: CITY BANK PLC TSD. GULSHAN BRANCH. | E95: 0751 2603 00910 | F95: 24.05.26 | G95: 46177 | H95: 10400 | J95: =SUM(Table1[[#This Row],[LC Value]:[Amd Value]]) -> 10400 | K95: 2.6 | L95: 4000 | M95: 30.06.26 | N95: 15.07.26 | O95: =IFERROR(_xlfn.XLOOKUP(C95, Data!$A$2:$A$236, Data!$C$2:$C$236), "") -> MD. Sir
... A115: =A116+1 -> 654 | B115: 23060/26 | C115: NZ DENIM LTD. | D115: CITY BANK PLC TSD. GULSHAN BRANCH. | E115: 0751 2603 00893 | F115: 21.05.26 | G115: 46176 | H115: 134857.5 | J115: =SUM(Table1[[#This Row],[LC Value]:[Amd Value]]) -> 134857.5 | K115: 3.15 | L115: 46450 | M115: 29.06.26 | N115: 14.07.26 | O115: =IFERROR(_xlfn.XLOOKUP(C115, Data!$A$2:$A$236, Data!$C$2:$C$236), "") -> MD. Sir
A116: =A117+1 -> 653 | B116: 22978/26 22979/26 | C116: P.N COMPOSITE LTD. | D116: HSBC TEJGAON BRANCH | E116: BBCDAK630510 | F116: 14.05.26 | G116: 46163 | H116: =16000+16775 -> 32775 | J116: =SUM(Table1[[#This Row],[LC Value]:[Amd Value]]) -> 32775 | K116: 4 | L116: 8000 | M116: 01.07.26 | N116: 15.07.26 | O116: =IFERROR(_xlfn.XLOOKUP(C116, Data!$A$2:$A$236, Data!$C$2:$C$236), "") -> Director Sir
A117: =A118+1 -> 652 | B117: 23003/26 | C117: MODELE DE CAPITAL IND. LTD. | D117: PUBALI BANK N.GONJ BRANCH. | E117: 0202 2604 01685 | F117: 20.05.26 | G117: 46176 | H117: 380000 | J117: =SUM(Table1[[#This Row],[LC Value]:[Amd Value]]) -> 380000 | K117: 3.8 | L117: 100000 | M117: 10.12.26 | N117: 25.12.26 | O117: =IFERROR(_xlfn.XLOOKUP(C117, Data!$A$2:$A$236, Data!$C$2:$C$236), "") -> Director Sir
A118: =A119+1 -> 651 | B118: 23004/26 | C118: MODELE DE CAPITAL IND. LTD. | D118: PUBALI BANK N.GONJ BRANCH. | E118: 0202 2604 01684 | F118: 20.05.26 | G118: 46166 | H118: 380000 | J118: =SUM(Table1[[#This Row],[LC Value]:[Amd Value]]) -> 380000 | K118: 3.8 | L118: 100000 | M118: 10.12.26 | N118: 25.12.26 | O118: =IFERROR(_xlfn.XLOOKUP(C118, Data!$A$2:$A$236, Data!$C$2:$C$236), "") -> Director Sir
A119: =A120+1 -> 650 | B119: 23005/26 | C119: MODELE DE CAPITAL IND. LTD. | D119: PUBALI BANK N.GONJ BRANCH. | E119: 0202 2604 01683 | F119: 20.05.26 | G119: 46166 | H119: 380000 | J119: =SUM(Table1[[#This Row],[LC Value]:[Amd Value]]) -> 380000 | K119: 3.8 | L119: 100000 | M119: 10.12.26 | N119: 25.12.26 | O119: =IFERROR(_xlfn.XLOOKUP(C119, Data!$A$2:$A$236, Data!$C$2:$C$236), "") -> Director Sir
A120: =A121+1 -> 649 | B120: 23007/26 | C120: MODELE DE CAPITAL IND. LTD. | D120: PUBALI BANK N.GONJ BRANCH. | E120: 0202 2604 01682 | F120: 20.05.26 | G120: 46166 | H120: 380000 | J120: =SUM(Table1[[#This Row],[LC Value]:[Amd Value]]) -> 380000 | K120: 3.8 | L120: 100000 | M120: 10.12.26 | N120: 25.12.26 | O120: =IFERROR(_xlfn.XLOOKUP(C120, Data!$A$2:$A$236, Data!$C$2:$C$236), "") -> Director Sir
A121: =A122+1 -> 648 | B121: 23006/26 | C121: MODELE DE CAPITAL IND. LTD. | D121: PUBALI BANK N.GONJ BRANCH. | E121: 0202 2604 01681 | F121: 20.05.26 | G121: 46166 | H121: 380000 | J121: =SUM(Table1[[#This Row],[LC Value]:[Amd Value]]) -> 380000 | K121: 3.8 | L121: 100000 | M121: 10.12.26 | N121: 25.12.26 | O121: =IFERROR(_xlfn.XLOOKUP(C121, Data!$A$2:$A$236, Data!$C$2:$C$236), "") -> Director Sir
A122: =A123+1 -> 647 | B122: 23050/26 | C122: NZ FABRICS LTD. | D122: CITY BANK PLC TSD. GULSHAN BRANCH. | E122: 0751 2603 00880 | F122: 20.05.26 | G122: 46166 | H122: 6630 | J122: =SUM(Table1[[#This Row],[LC Value]:[Amd Value]]) -> 6630 | K122: 3.4 | L122: 1950 | M122: 19.06.26 | N122: 04.07.26 | O122: =IFERROR(_xlfn.XLOOKUP(C122, Data!$A$2:$A$236, Data!$C$2:$C$236), "") -> MD. Sir
...

Sheet NZAL
A1: Sl No | B1: PI NO | C1: Applicant Name | D1: Issuing Bank | E1: LC Number | F1: LC Date | G1: LC Rev Date | H1: LC Value | I1: Amd Value | J1: Total | K1: Unit Price | L1: Quantity | M1: Shipment Date | N1: Expiry Date | O1: Marketing Person
A2: =A3+1 -> 220 | B2: 21228/26 | C2: NZ DENIM LTD. | D2: SHAHJALAL ISLAMI BANK LTD. KAWRAN BAZAR BRANCH | E2: 2970 2603 00070 | F2: 24.06.26 | G2: 46198 | H2: 83070 | J2: =SUM(Table14[[#This Row],[LC Value]:[Amd Value]]) -> 83070 | K2: 2.8 | L2: 28700 | M2: 10.08.26 | N2: 25.08.26 | O2: =IFERROR(_xlfn.XLOOKUP(C2, Data!$A$2:$A$236, Data!$C$2:$C$236), "") -> MD. Sir
A3: =A4+1 -> 219 | B3: 211225/26 | C3: NZ DENIM LTD. | D3: SHAHJALAL ISLAMI BANK LTD. KAWRAN BAZAR BRANCH | E3: 2970 2603 00071 | F3: 24.06.26 | G3: 46198 | H3: 14420 | J3: =SUM(Table14[[#This Row],[LC Value]:[Amd Value]]) -> 14420 | K3: 2.8 | L3: 5150 | M3: 10.08.26 | N3: 25.08.26 | O3: =IFERROR(_xlfn.XLOOKUP(C3, Data!$A$2:$A$236, Data!$C$2:$C$236), "") -> MD. Sir
A4: =A5+1 -> 218 | B4: 21218/26 21219/26 21220/26 21221/26 | C4: NZ FABRICS LTD. | D4: CITY BANK PLC TSD. GULSHAN BRANCH. | E4: 0751 2603 01001 | F4: 24.06.26 | G4: 46198 | H4: =33740+58007.5+15600+126315 -> 233662.5 | J4: =SUM(Table14[[#This Row],[LC Value]:[Amd Value]]) -> 233662.5 | K4: 2.8 | L4: =12050+24700+6500+35650 -> 78900 | M4: 10.08.26 | N4: 25.08.26 | O4: =IFERROR(_xlfn.XLOOKUP(C4, Data!$A$2:$A$236, Data!$C$2:$C$236), "") -> MD. Sir
A5: =A6+1 -> 217 | B5: 21215/26 | C5: NZ DENIM LTD. | D5: BRAC BANK T.O. TEJGAON BRANCH. | E5: 3085 2603 00965 | F5: 18.06.26 | G5: 46197 | H5: 56197.5 | J5: =SUM(Table14[[#This Row],[LC Value]:[Amd Value]]) -> 56197.5 | K5: 2.95 | L5: 19050 | M5: 09.07.26 | N5: 24.07.26 | O5: =IFERROR(_xlfn.XLOOKUP(C5, Data!$A$2:$A$236, Data!$C$2:$C$236), "") -> MD. Sir
A6: =A7+1 -> 216 | B6: 21204/26 | C6: NZ DENIM LTD. | D6: BRAC BANK T.O. TEJGAON BRANCH. | E6: 3085 2603 00922 | F6: 18.06.26 | G6: 46197 | H6: 15365 | J6: =SUM(Table14[[#This Row],[LC Value]:[Amd Value]]) -> 15365 | K6: 3.9 | L6: 3900 | M6: 09.07.26 | N6: 24.07.26 | O6: =IFERROR(_xlfn.XLOOKUP(C6, Data!$A$2:$A$236, Data!$C$2:$C$236), "") -> MD. Sir
A7: =A8+1 -> 215 | B7: 21212/26 | C7: NZ DENIM LTD. | D7: BRAC BANK T.O. TEJGAON BRANCH. | E7: 3085 2603 00917 | F7: 17.06.26 | G7: 46195 | H7: 178777.5 | J7: =SUM(Table14[[#This Row],[LC Value]:[Amd Value]]) -> 178777.5 | K7: 3.35 | L7: 54450 | M7: 01.08.26 | N7: 16.08.26 | O7: =IFERROR(_xlfn.XLOOKUP(C7, Data!$A$2:$A$236, Data!$C$2:$C$236), "") -> MD. Sir
A8: =A9+1 -> 214 | B8: 21197/26 | C8: OSMAN GARMENTS LTD. | D8: AL-ARAFAH ISLAMI BANK LTD. N.GANJ BRANCH | E8: 1088 2604 00658 | F8: 17.06.26 | G8: 46197 | H8: 44800 | J8: =SUM(Table14[[#This Row],[LC Value]:[Amd Value]]) -> 44800 | K8: 3.2 | L8: 14000 | M8: 01.08.26 | N8: 16.08.26 | O8: =IFERROR(_xlfn.XLOOKUP(C8, Data!$A$2:$A$236, Data!$C$2:$C$236), "") -> Mr. Shahbuddin
A9: =A10+1 -> 213 | B9: 21198/26 | C9: OSMAN GARMENTS LTD. | D9: AL-ARAFAH ISLAMI BANK LTD. N.GANJ BRANCH | E9: 1088 2604 00654 | F9: 16.06.26 | G9: 46195 | H9: 44800 | J9: =SUM(Table14[[#This Row],[LC Value]:[Amd Value]]) -> 44800 | K9: 3.2 | L9: 14000 | M9: 01.08.26 | N9: 16.08.26 | O9: =IFERROR(_xlfn.XLOOKUP(C9, Data!$A$2:$A$236, Data!$C$2:$C$236), "") -> Mr. Shahbuddin
A10: =A11+1 -> 212 | B10: 21202/26 | C10: OSMAN GARMENTS LTD. | D10: AL-ARAFAH ISLAMI BANK LTD. N.GANJ BRANCH | E10: 1088 2604 00655 | F10: 16.06.26 | G10: 46195 | H10: 9600 | J10: =SUM(Table14[[#This Row],[LC Value]:[Amd Value]]) -> 9600 | K10: 3.2 | L10: 3000 | M10: 01.08.26 | N10: 16.08.26 | O10: =IFERROR(_xlfn.XLOOKUP(C10, Data!$A$2:$A$236, Data!$C$2:$C$236), "") -> Mr. Shahbuddin
A11: =A12+1 -> 211 | B11: 21203/26 | C11: NZ FABRICS LTD. | D11: CITY BANK PLC TSD. GULSHAN BRANCH. | E11: 0751 2603 00955 | F11: 16.06.26 | G11: 46196 | H11: 61782.5 | J11: =SUM(Table14[[#This Row],[LC Value]:[Amd Value]]) -> 61782.5 | K11: 3.1 | L11: 18250 | M11: 31.07.26 | N11: 15.08.26 | O11: =IFERROR(_xlfn.XLOOKUP(C11, Data!$A$2:$A$236, Data!$C$2:$C$236), "") -> MD. Sir
A12: =A13+1 -> 210 | B12: 21205/26 | C12: NZ DENIM LTD. | D12: CITY BANK PLC TSD. GULSHAN BRANCH. | E12: 0751 2603 00953 | F12: 16.06.26 | G12: 46196 | H12: 20000 | J12: =SUM(Table14[[#This Row],[LC Value]:[Amd Value]]) -> 20000 | K12: 2.5 | L12: 8000 | M12: 31.07.26 | N12: 15.08.26 | O12: =IFERROR(_xlfn.XLOOKUP(C12, Data!$A$2:$A$236, Data!$C$2:$C$236), "") -> MD. Sir
A13: =A14+1 -> 209 | B13: 21207/26 | C13: NZ DENIM LTD. | D13: SHAHJALAL ISLAMI BANK LTD. KAWRAN BAZAR BRANCH | E13: 2970 2603 00066 | F13: 16.06.26 | G13: 46195 | H13: 47840 | J13: =SUM(Table14[[#This Row],[LC Value]:[Amd Value]]) -> 47840 | K13: 3.2 | L13: 14950 | M13: 31.07.26 | N13: 15.08.26 | O13: =IFERROR(_xlfn.XLOOKUP(C13, Data!$A$2:$A$236, Data!$C$2:$C$236), "") -> MD. Sir
A14: =A15+1 -> 208 | B14: 21193/26 | C14: NZ FABRICS LTD. | D14: CITY BANK PLC TSD. GULSHAN BRANCH. | E14: 0751 2603 00947 | F14: 14.06.26 | G14: 46191 | H14: 11935 | J14: =SUM(Table14[[#This Row],[LC Value]:[Amd Value]]) -> 11935 | K14: 3.85 | L14: 3100 | M14: 31.07.26 | N14: 15.08.26 | O14: =IFERROR(_xlfn.XLOOKUP(C14, Data!$A$2:$A$236, Data!$C$2:$C$236), "") -> MD. Sir
A15: =A16+1 -> 207 | B15: 21179/26 | C15: M.M. KNITWEAR LTD. | D15: UCBL BANGSHAL BRANCH | E15: 1007 2604 01461 | F15: 10.06.26 | G15: 46189 | H15: 28050 | J15: =SUM(Table14[[#This Row],[LC Value]:[Amd Value]]) -> 28050 | K15: 3.3 | L15: 8500 | M15: 31.07.26 | N15: 15.08.26 | O15: =IFERROR(_xlfn.XLOOKUP(C15, Data!$A$2:$A$236, Data!$C$2:$C$236), "") -> Mr. Reza Sir
A16: =A17+1 -> 206 | B16: 21186/26 | C16: M.M. KNITWEAR LTD. | D16: UCBL BANGSHAL BRANCH | E16: 1007 2604 01449 | F16: 10.06.26 | G16: 46189 | H16: 82500 | J16: =SUM(Table14[[#This Row],[LC Value]:[Amd Value]]) -> 82500 | K16: 3.3 | L16: 25500 | M16: 31.07.26 | N16: 15.08.26 | O16: =IFERROR(_xlfn.XLOOKUP(C16, Data!$A$2:$A$236, Data!$C$2:$C$236), "") -> Mr. Reza Sir
... A31: =A32+1 -> 191 | B31: 21189/26 | C31: MAMUN KNITWEAR LTD. | D31: UCBL BANGSHAL BRANCH | E31: 1007 2604 01430 | F31: 10.06.26 | G31: 46189 | H31: 71000 | J31: =SUM(Table14[[#This Row],[LC Value]:[Amd Value]]) -> 71000 | K31: 3.55 | L31: 20000 | M31: 31.07.26 | N31: 15.08.26 | O31: =IFERROR(_xlfn.XLOOKUP(C31, Data!$A$2:$A$236, Data!$C$2:$C$236), "") -> Mr. Reza Sir
A32: =A33+1 -> 190 | B32: 21159/26 21160/26 | C32: NZ DENIM LTD. | D32: BRAC BANK T.O. TEJGAON BRANCH. | E32: 3085 2603 00830 | F32: 24.05.26 | G32: 46184 | H32: =62530+108405 -> 170935 | J32: =SUM(Table14[[#This Row],[LC Value]:[Amd Value]]) -> 170935 | K32: 3.7 | L32: 3750 | M32: 14.07.26 | N32: 29.07.26 | O32: =IFERROR(_xlfn.XLOOKUP(C32, Data!$A$2:$A$236, Data!$C$2:$C$236), "") -> MD. Sir
A33: =A34+1 -> 189 | B33: 21188/26 | C33: NZ FABRICS LTD. | D33: CITY BANK PLC TSD. GULSHAN BRANCH. | E33: 0751 2603 00925 | F33: 07.06.26 | G33: 46183 | H33: 17930 | J33: =SUM(Table14[[#This Row],[LC Value]:[Amd Value]]) -> 17930 | K33: 4.75 | L33: 3750 | M33: 14.07.26 | N33: 29.07.26 | O33: =IFERROR(_xlfn.XLOOKUP(C33, Data!$A$2:$A$236, Data!$C$2:$C$236), "") -> MD. Sir
A34: =A35+1 -> 188 | B34: 21163/26 | C34: KAIZER KNITWEARS LTD. | D34: SOUTHEAST BANK LTD. NEW ESKATON BRANCH | E34: 1347 2604 00643 | F34: 24.05.26 | G34: 46177 | H34: =320000+320000 -> 640000 | J34: =SUM(Table14[[#This Row],[LC Value]:[Amd Value]]) -> 640000 | K34: 3.2 | L34: 200000 | M34: 30.06.26 | N34: 10.07.26 | O34: =IFERROR(_xlfn.XLOOKUP(C34, Data!$A$2:$A$236, Data!$C$2:$C$236), "") -> Director Sir
A35: =A36+1 -> 187 | B35: 21171/26 | C35: NZ FABRICS LTD. | D35: CITY BANK PLC TSD. GULSHAN BRANCH. | E35: 0751 2603 00920 | F35: 03.06.26 | G35: 46181 | H35: 20685 | J35: =SUM(Table14[[#This Row],[LC Value]:[Amd Value]]) -> 20685 | K35: 3.35 | L35: 5200 | M35: 20.07.26 | N35: 10.08.26 | O35: =IFERROR(_xlfn.XLOOKUP(C35, Data!$A$2:$A$236, Data!$C$2:$C$236), "") -> MD. Sir
A36: =A37+1 -> 186 | B36: 21150/26 | C36: PACIFIC KNITEX LTD. | D36: HSBC TEJGAON BRANCH | E36: DCBD1182018 | F36: 20.05.26 | G36: 46176 | H36: 73700 | J36: =SUM(Table14[[#This Row],[LC Value]:[Amd Value]]) -> 73700 | K36: 3.35 | L36: 22000 | M36: 20.07.26 | N36: 10.08.26 | O36: =IFERROR(_xlfn.XLOOKUP(C36, Data!$A$2:$A$236, Data!$C$2:$C$236), "") -> MD. Sir
A37: =A38+1 -> 185 | B37: 21165/26 | C37: NZ FABRICS LTD. | D37: BRAC BANK T.O. TEJGAON BRANCH. | E37: 3085 2603 00832 | F37: 02.06.26 | G37: 46181 | H37: 9627 | J37: =SUM(Table14[[#This Row],[LC Value]:[Amd Value]]) -> 9627 | K37: 3.3 | L37: 1100 | M37: 20.07.26 | N37: 04.08.26 | O37: =IFERROR(_xlfn.XLOOKUP(C37, Data!$A$2:$A$236, Data!$C$2:$C$236), "") -> MD. Sir
A38: =A39+1 -> 184 | B38: 21162/26 | C38: NZ FABRICS LTD. | D38: BRAC BANK T.O. TEJGAON BRANCH. | E38: 3085 2603 00828 | F38: 23.05.26 | G38: 46181 | H38: 5445 | J38: =SUM(Table14[[#This Row],[LC Value]:[Amd Value]]) -> 5445 | K38: 3.3 | L38: 1100 | M38: 20.07.26 | N38: 04.08.26 | O38: =IFERROR(_xlfn.XLOOKUP(C38, Data!$A$2:$A$236, Data!$C$2:$C$236), "") -> MD. Sir
A39: =A40+1 -> 183 | B39: 21152/26 | C39: NZ FABRICS LTD. | D39: EBL TO GULSHAN AVENUE | E39: 1475 2603 01365 | F39: 23.05.26 | G39: 46177 | H39: 290565 | J39: =SUM(Table14[[#This Row],[LC Value]:[Amd Value]]) -> 290565 | K39: 3.3 | L39: 88050 | M39: 20.07.26 | N39: 04.08.26 | O39: =IFERROR(_xlfn.XLOOKUP(C39, Data!$A$2:$A$236, Data!$C$2:$C$236), "") -> MD. Sir
A40: =A41+1 -> 182 | B40: 21147/26 | C40: MAMUN KNITWEAR LTD. | D40: UCBL BANGSHAL BRANCH | E40: 1007 2604 01371 | F40: 21.05.26 | G40: 46176 | H40: 60800 | J40: =SUM(Table14[[#This Row],[LC Value]:[Amd Value]]) -> 60800 | K40: 3.8 | L40: 16000 | M40: 15.07.26 | N40: 30.07.26 | O40: =IFERROR(_xlfn.XLOOKUP(C40, Data!$A$2:$A$236, Data!$C$2:$C$236), "") -> Mr. Reza Sir
A41: =A42+1 -> 181 | B41: 21137/26 | C41: NZ FABRICS LTD. | D41: CITY BANK PLC TSD. GULSHAN BRANCH. | E41: 0751 2603 00867 | F41: 46161 | G41: 46176 | H41: 28250 | J41: =SUM(Table14[[#This Row],[LC Value]:[Amd Value]]) -> 28250 | K41: 3.05 | L41: 9000 | M41: 05.07.26 | N41: 20.07.26 | O41: =IFERROR(_xlfn.XLOOKUP(C41, Data!$A$2:$A$236, Data!$C$2:$C$236), "") -> MD. Sir
A42: =A43+1 -> 180 | B42: 21153/26 | C42: NZ FABRICS LTD. | D42: BRAC BANK T.O. TEJGAON BRANCH. | E42: 3085 2603 00783 | F42: 46161 | G42: 46176 | H42: 26482.5 | J42: =SUM(Table14[[#This Row],[LC Value]:[Amd Value]]) -> 26482.5 | K42: 2.4 | L42: 5350 | M42: 05.07.26 | N42: 20.07.26 | O42: =IFERROR(_xlfn.XLOOKUP(C42, Data!$A$2:$A$236, Data!$C$2:$C$236), "") -> MD. Sir
A43: =A44+1 -> 179 | B43: 21155/26 | C43: NZ DENIM LTD. | D43: BRAC BANK T.O. TEJGAON BRANCH. | E43: 3085 2603 00785 | F43: 46161 | G43: 46176 | H43: 44105 | J43: =SUM(Table14[[#This Row],[LC Value]:[Amd Value]]) -> 44105 | K43: 2.4 | L43: 18150 | M43: 05.07.26 | N43: 20.07.26 | O43: =IFERROR(_xlfn.XLOOKUP(C43, Data!$A$2:$A$236, Data!$C$2:$C$236), "") -> MD. Sir
A44: =A45+1 -> 178 | B44: 21146/26 | C44: NZ DENIM LTD. | D44: BRAC BANK T.O. TEJGAON BRANCH. | E44: 3085 2603 00772 | F44: 17.05.26 | G44: 46176 | H44: 38440 | J44: =SUM(Table14[[#This Row],[LC Value]:[Amd Value]]) -> 38440 | K44: 3.1 | L44: 12400 | M44: 15.06.26 | N44: 30.06.26 | O44: =IFERROR(_xlfn.XLOOKUP(C44, Data!$A$2:$A$236, Data!$C$2:$C$236), "") -> MD. Sir
A45: =A46+1 -> 177 | B45: 21135/26 | C45: MAMUN KNITWEAR LTD. | D45: UCBL BANGSHAL BRANCH | E45: 1007 2604 01271 | F45: 14.05.26 | G45: 46162 | H45: 37000 | J45: =SUM(Table14[[#This Row],[LC Value]:[Amd Value]]) -> 37000 | K45: 3.7 | L45: 10000 | M45: 15.06.26 | N45: 30.06.26 | O45: =IFERROR(_xlfn.XLOOKUP(C45, Data!$A$2:$A$236, Data!$C$2:$C$236), "") -> Mr. Reza Sir
A46: =A47+1 -> 176 | B46: 21134/26 | C46: MAMUN KNITWEAR LTD. | D46: UCBL BANGSHAL BRANCH | E46: 1007 2604 01274 | F46: 14.05.26 | G46: 46158 | H46: 66600 | J46: =SUM(Table14[[#This Row],[LC Value]:[Amd Value]]) -> 66600 | K46: 3.7 | L46: 18000 | M46: 15.06.26 | N46: 30.06.26 | O46: =IFERROR(_xlfn.XLOOKUP(C46, Data!$A$2:$A$236, Data!$C$2:$C$236), "") -> Mr. Reza Sir
A47: =A48+1 -> 175 | B47: 21133/26 | C47: MAMUN KNITWEAR LTD. | D47: UCBL BANGSHAL BRANCH | E47: 1007 2604 01269 | F47: 14.05.26 | G47: 46162 | H47: 44400 | J47: =SUM(Table14[[#This Row],[LC Value]:[Amd Value]]) -> 44400 | K47: 3.7 | L47: 12000 | M47: 15.06.26 | N47: 30.06.26 | O47: =IFERROR(_xlfn.XLOOKUP(C47, Data!$A$2:$A$236, Data!$C$2:$C$236), "") -> Mr. Reza Sir
A48: =A49+1 -> 174 | B48: 21136/26 | C48: MAMUN KNITWEAR LTD. | D48: UCBL BANGSHAL BRANCH | E48: 1007 2604 01263 | F48: 14.05.26 | G48: 46162 | H48: 55500 | J48: =SUM(Table14[[#This Row],[LC Value]:[Amd Value]]) -> 55500 | K48: 3.7 | L48: 15000 | M48: 15.06.26 | N48: 30.06.26 | O48: =IFERROR(_xlfn.XLOOKUP(C48, Data!$A$2:$A$236, Data!$C$2:$C$236), "") -> Mr. Reza Sir
A49: =A50+1 -> 173 | B49: 21144/26 | C49: NZ FABRICS LTD. | D49: CITY BANK PLC TSD. GULSHAN BRANCH. | E49: 0751 2603 00831 | F49: 14.05.26 | G49: 46162 | H49: 10392.5 | J49: =SUM(Table14[[#This Row],[LC Value]:[Amd Value]]) -> 10392.5 | K49: 3.8 | L49: 2750 | M49: 05.07.26 | N49: 29.06.26 | O49: =IFERROR(_xlfn.XLOOKUP(C49, Data!$A$2:$A$236, Data!$C$2:$C$236), "") -> MD. Sir
A50: =A51+1 -> 172 | B50: 21145/26 | C50: NZ DENIM LTD. | D50: BRAC BANK T.O. TEJGAON BRANCH. | E50: 3085 2603 00759 | F50: 13.05.26 | G50: 46162 | H50: 66080 | J50: =SUM(Table14[[#This Row],[LC Value]:[Amd Value]]) -> 66080 | K50: 2.95 | L50: 22400 | M50: 05.07.26 | N50: 20.07.26 | O50: =IFERROR(_xlfn.XLOOKUP(C50, Data!$A$2:$A$236, Data!$C$2:$C$236), "") -> MD. Sir
A51: =A52+1 -> 171 | B51: 21141/26 | C51: NZ DENIM LTD. | D51: BRAC BANK T.O. TEJGAON BRANCH. | E51: 3085 2603 00749 | F51: 13.05.26 | G51: 46160 | H51: 25070 | J51: =SUM(Table14[[#This Row],[LC Value]:[Amd Value]]) -> 25070 | K51: 4.15 | L51: 6100 | M51: 05.07.26 | N51: 20.07.26 | O51: =IFERROR(_xlfn.XLOOKUP(C51, Data!$A$2:$A$236, Data!$C$2:$C$236), "") -> MD. Sir
A52: =A53+1 -> 170 | B52: 21142/26 | C52: NZ DENIM LTD. | D52: BRAC BANK T.O. TEJGAON BRANCH. | E52: 3085 2603 00750 | F52: 13.05.26 | G52: 46160 | H52: 19932.5 | J52: =SUM(Table14[[#This Row],[LC Value]:[Amd Value]]) -> 19932.5 | K52: 3.9 | L52: 5150 | M52: 05.07.26 | N52: 20.07.26 | O52: =IFERROR(_xlfn.XLOOKUP(C52, Data!$A$2:$A$236, Data!$C$2:$C$236), "") -> MD. Sir
A53: =A54+1 -> 169 | B53: 21132/26 | C53: NZ FABRICS LTD. | D53: CITY BANK PLC TSD. GULSHAN BRANCH. | E53: 0751 2603 00807 | F53: 11.05.26 | G53: 46158 | H53: 24232.5 | J53: =SUM(Table14[[#This Row],[LC Value]:[Amd Value]]) -> 24232.5 | K53: 4.2 | L53: 5650 | M53: 05.07.26 | N53: 20.07.26 | O53: =IFERROR(_xlfn.XLOOKUP(C53, Data!$A$2:$A$236, Data!$C$2:$C$236), "") -> MD. Sir
A54: =A55+1 -> 168 | B54: 21130/26 21131/26 | C54: NZ DENIM LTD. | D54: CITY BANK PLC TSD. GULSHAN BRANCH. | E54: 0751 2603 00805 | F54: 11.05.26 | G54: 46158 | H54: =24415+13035 -> 37450 | J54: =SUM(Table14[[#This Row],[LC Value]:[Amd Value]]) -> 37450 | K54: 1.9 | L54: 12850 | M54: 05.07.26 | N54: 20.07.26 | O54: =IFERROR(_xlfn.XLOOKUP(C54, Data!$A$2:$A$236, Data!$C$2:$C$236), "") -> MD. Sir
A55: =A56+1 -> 167 | B55: 21124/26 | C55: NZ DENIM LTD. | D55: CITY BANK PLC TSD. GULSHAN BRANCH. | E55: 0751 2603 00795 | F55: 10.05.26 | G55: 46158 | H55: 132835 | J55: =SUM(Table14[[#This Row],[LC Value]:[Amd Value]]) -> 132835 | K55: 3.05 | L55: 43200 | M55: 05.07.26 | N55: 20.07.26 | O55: =IFERROR(_xlfn.XLOOKUP(C55, Data!$A$2:$A$236, Data!$C$2:$C$236), "") -> MD. Sir
A56: =A57+1 -> 166 | B56: 21126/26 | C56: NZ DENIM LTD. | D56: BRAC BANK T.O. TEJGAON BRANCH. | E56: 3085 2603 00732 | F56: 10.05.26 | G56: 46156 | H56: 12655 | J56: =SUM(Table14[[#This Row],[LC Value]:[Amd Value]]) -> 12655 | K56: 3.05 | L56: 4150 | M56: 14.05.26 | N56: 29.05.26 | O56: =IFERROR(_xlfn.XLOOKUP(C56, Data!$A$2:$A$236, Data!$C$2:$C$236), "") -> MD. Sir
A57: =A58+1 -> 165 | B57: 21122/26 | C57: NZ DENIM LTD. | D57: BRAC BANK T.O. TEJGAON BRANCH. | E57: 3085 2603 00726 | F57: 07.05.26 | G57: 46158 | H57: 47175 | J57: =SUM(Table14[[#This Row],[LC Value]:[Amd Value]]) -> 47175 | K57: 1.85 | L57: 25500 | M57: 14.05.26 | N57: 29.05.26 | O57: =IFERROR(_xlfn.XLOOKUP(C57, Data!$A$2:$A$236, Data!$C$2:$C$236), "") -> MD. Sir
A58: =A59+1 -> 164 | B58: 21123/26 | C58: NZ DENIM LTD. | D58: BRAC BANK T.O. TEJGAON BRANCH. | E58: 3085 2603 00727 | F58: 07.05.26 | G58: 46158 | H58: 23420 | J58: =SUM(Table14[[#This Row],[LC Value]:[Amd Value]]) -> 23420 | K58: 2.8 | L58: 6050 | M58: 14.05.26 | N58: 29.05.26 | O58: =IFERROR(_xlfn.XLOOKUP(C58, Data!$A$2:$A$236, Data!$C$2:$C$236), "") -> MD. Sir
A59: =A60+1 -> 163 | B59: 21120/26 | C59: NZ DENIM LTD. | D59: BRAC BANK T.O. TEJGAON BRANCH. | E59: 3085 2603 00706 | F59: 06.05.26 | G59: 46149 | H59: 19237.5 | J59: =SUM(Table14[[#This Row],[LC Value]:[Amd Value]]) -> 19237.5 | K59: 2.8 | L59: 6050 | M59: 14.05.26 | N59: 29.05.26 | O59: =IFERROR(_xlfn.XLOOKUP(C59, Data!$A$2:$A$236, Data!$C$2:$C$236), "") -> MD. Sir
A60: =A61+1 -> 162 | B60: 21115/26 | C60: NZ DENIM LTD. | D60: CITY BANK PLC TSD. GULSHAN BRANCH. | E60: 0751 2603 00767 | F60: 05.05.26 | G60: 46152 | H60: 19840 | J60: =SUM(Table14[[#This Row],[LC Value]:[Amd Value]]) -> 19840 | K60: 3.25 | L60: 6400 | M60: 14.05.26 | N60: 29.05.26 | O60: =IFERROR(_xlfn.XLOOKUP(C60, Data!$A$2:$A$236, Data!$C$2:$C$236), "") -> MD. Sir
A61: =A62+1 -> 161 | B61: 21113/26 | C61: NZ FABRICS LTD. | D61: EBL TRADE OPERATIONS GULSHAN BRANCH. | E61: 1475 2603 01133 | F61: 04.05.26 | G61: 46152 | H61: 21070 | J61: =SUM(Table14[[#This Row],[LC Value]:[Amd Value]]) -> 21070 | K61: 3.25 | L61: 6600 | M61: 14.05.26 | N61: 29.05.26 | O61: =IFERROR(_xlfn.XLOOKUP(C61, Data!$A$2:$A$236, Data!$C$2:$C$236), "") -> MD. Sir
A62: =A63+1 -> 160 | B62: 21116/26 | C62: NZ DENIM LTD. | D62: BRAC BANK T.O. TEJGAON BRANCH. | E62: 3085 2603 00699 | F62: 04.05.26 | G62: 46147 | H62: 17225 | J62: =SUM(Table14[[#This Row],[LC Value]:[Amd Value]]) -> 17225 | K62: 3.25 | L62: 5300 | M62: 14.05.26 | N62: 29.05.26 | O62: =IFERROR(_xlfn.XLOOKUP(C62, Data!$A$2:$A$236, Data!$C$2:$C$236), "") -> MD. Sir
A63: =A64+1 -> 159 | B63: 21108/26 | C63: NZ FABRICS LTD. | D63: BRAC BANK T.O. TEJGAON BRANCH. | E63: 3085 2603 00687 | F63: 04.05.26 | G63: 46152 | H63: 15925 | J63: =SUM(Table14[[#This Row],[LC Value]:[Amd Value]]) -> 15925 | K63: 4.9 | L63: 3250 | M63: 14.05.26 | N63: 29.05.26 | O63: =IFERROR(_xlfn.XLOOKUP(C63, Data!$A$2:$A$236, Data!$C$2:$C$236), "") -> MD. Sir
A64: =A65+1 -> 158 | B64: 21110/26 21111/26 | C64: NZ FABRICS LTD. | D64: EBL TRADE OPERATIONS GULSHAN BRANCH. | E64: 1475 2603 01120 | F64: 04.05.26 | G64: 46146 | H64: 38055 | J64: =SUM(Table14[[#This Row],[LC Value]:[Amd Value]]) -> 38055 | K64: 3.9 | L64: 4700 | M64: 14.05.26 | N64: 29.05.26 | O64: =IFERROR(_xlfn.XLOOKUP(C64, Data!$A$2:$A$236, Data!$C$2:$C$236), "") -> MD. Sir
A65: =A66+1 -> 157 | B65: 21107/26 | C65: NZ DENIM LTD. | D65: BRAC BANK T.O. TEJGAON BRANCH. | E65: 3085 2603 00680 | F65: 03.05.26 | G65: 46148 | H65: 65497.5 | J65: =SUM(Table14[[#This Row],[LC Value]:[Amd Value]]) -> 65497.5 | K65: 3.1 | L65: 21300 | M65: 14.05.26 | N65: 29.05.26 | O65: =IFERROR(_xlfn.XLOOKUP(C65, Data!$A$2:$A$236, Data!$C$2:$C$236), "") -> MD. Sir
A66: =A67+1 -> 156 | B66: 21099/26 | C66: NZ DENIM LTD. | D66: BRAC BANK T.O. TEJGAON BRANCH. | E66: 3085 2603 00658 | F66: 46142 | G66: 46147 | H66: 38060 | J66: =SUM(Table14[[#This Row],[LC Value]:[Amd Value]]) -> 38060 | K66: 2.85 | L66: 13200 | M66: 14.05.26 | N66: 29.05.26 | O66: =IFERROR(_xlfn.XLOOKUP(C66, Data!$A$2:$A$236, Data!$C$2:$C$236), "") -> MD. Sir
A67: =A68+1 -> 155 | B67: 21103/26 | C67: NZ FABRICS LTD. | D67: CITY BANK PLC TSD. GULSHAN BRANCH. | E67: 0751 2603 00737 | F67: 46141 | G67: 46146 | H67: 20472.5 | J67: =SUM(Table14[[#This Row],[LC Value]:[Amd Value]]) -> 20472.5 | K67: 3 | L67: 4500 | M67: 30.05.26 | N67: 14.06.26 | O67: =IFERROR(_xlfn.XLOOKUP(C67, Data!$A$2:$A$236, Data!$C$2:$C$236), "") -> MD. Sir
A68: =A69+1 -> 154 | B68: 21104/26 | C68: NZ FABRICS LTD. | D68: CITY BANK PLC TSD. GULSHAN BRANCH. | E68: 0751 2603 00716 | F68: 46141 | G68: 46145 | H68: 18480 | J68: =SUM(Table14[[#This Row],[LC Value]:[Amd Value]]) -> 18480 | K68: 4.2 | L68: 4400 | M68: 30.05.26 | N68: 14.06.26 | O68: =IFERROR(_xlfn.XLOOKUP(C68, Data!$A$2:$A$236, Data!$C$2:$C$236), "") -> MD. Sir
A69: =A70+1 -> 153 | B69: 21096/26 | C69: NZ FABRICS LTD. | D69: EBL TRADE OPERATIONS GULSHAN BRANCH. | E69: 1475 2603 01024 | F69: 46141 | G69: 46141 | H69: 25500 | J69: =SUM(Table14[[#This Row],[LC Value]:[Amd Value]]) -> 25500 | K69: 3.75 | L69: 6750 | M69: 30.05.26 | N69: 14.06.26 | O69: =IFERROR(_xlfn.XLOOKUP(C69, Data!$A$2:$A$236, Data!$C$2:$C$236), "") -> MD. Sir
A70: =A71+1 -> 152 | B70: 21100/26 | C70: NZ DENIM LTD. | D70: SHAHJALAL ISLAMI BANK LTD. KAWRAN BAZAR BRANCH | E70: 2970 2603 00056 | F70: 46139 | G70: 46145 | H70: 44685 | J70: =SUM(Table14[[#This Row],[LC Value]:[Amd Value]]) -> 44685 | K70: 2.7 | L70: 16550 | M70: 30.05.26 | N70: 14.06.26 | O70: =IFERROR(_xlfn.XLOOKUP(C70, Data!$A$2:$A$236, Data!$C$2:$C$236), "") -> MD. Sir
A71: =A72+1 -> 151 | B71: 21098/26 | C71: NZ FABRICS LTD. | D71: CITY BANK PLC TSD. GULSHAN BRANCH. | E71: 0751 2603 00702 | F71: 46139 | G71: 46141 | H71: 28950 | J71: =SUM(Table14[[#This Row],[LC Value]:[Amd Value]]) -> 28950 | K71: 3.6 | L71: 7900 | M71: 30.05.26 | N71: 14.06.26 | O71: =IFERROR(_xlfn.XLOOKUP(C71, Data!$A$2:$A$236, Data!$C$2:$C$236), "") -> MD. Sir
A72: =A73+1 -> 150 | B72: 21097/26 | C72: NZ DENIM LTD. | D72: BRAC BANK T.O. TEJGAON BRANCH. | E72: 3085 2603 00637 | F72: 46139 | G72: 46141 | H72: 11137.5 | J72: =SUM(Table14[[#This Row],[LC Value]:[Amd Value]]) -> 11137.5 | K72: 2.9 | L72: 3750 | M72: 28.05.26 | N72: 12.06.26 | O72: =IFERROR(_xlfn.XLOOKUP(C72, Data!$A$2:$A$236, Data!$C$2:$C$236), "") -> MD. Sir
A73: =A74+1 -> 149 | B73: 21095/26 | C73: NZ DENIM LTD. | D73: CITY BANK PLC TSD. GULSHAN BRANCH. | E73: 0751 2603 00695 | F73: 26.04.26 | G73: 46141 | H73: 104087.5 | J73: =SUM(Table14[[#This Row],[LC Value]:[Amd Value]]) -> 104087.5 | K73: 2.75 | L73: 37850 | M73: 28.05.26 | N73: 12.06.26 | O73: =IFERROR(_xlfn.XLOOKUP(C73, Data!$A$2:$A$236, Data!$C$2:$C$236), "") -> MD. Sir
A74: =A75+1 -> 148 | B74: 21093/26 | C74: NZ DENIM LTD. | D74: BRAC BANK T.O. TEJGAON BRANCH. | E74: 3085 2603 00608 | F74: 23.04.26 | G74: 46140 | H74: 11775 | J74: =SUM(Table14[[#This Row],[LC Value]:[Amd Value]]) -> 11775 | K74: 3 | L74: 3900 | M74: 20.05.26 | N74: 30.05.26 | O74: =IFERROR(_xlfn.XLOOKUP(C74, Data!$A$2:$A$236, Data!$C$2:$C$236), "") -> MD. Sir
A75: =A76+1 -> 147 | B75: 21091/26 | C75: NZ DENIM LTD. | D75: BRAC BANK T.O. TEJGAON BRANCH. | E75: 3085 2603 00580 | F75: 22.04.26 | G75: 46139 | H75: 28865 | J75: =SUM(Table14[[#This Row],[LC Value]:[Amd Value]]) -> 28865 | K75: 2.8 | L75: 10200 | M75: 20.05.26 | N75: 30.05.26 | O75: =IFERROR(_xlfn.XLOOKUP(C75, Data!$A$2:$A$236, Data!$C$2:$C$236), "") -> MD. Sir
A76: =A77+1 -> 146 | B76: 21087/26 | C76: ROMO FASHION TODAY LTD. | D76: JAMUNA BANK UTTARA BRANCH | E76: 3054 2604 00872 | F76: 22.04.26 | G76: 46147 | H76: 340000 | J76: =SUM(Table14[[#This Row],[LC Value]:[Amd Value]]) -> 340000 | K76: 3.4 | L76: 100000 | M76: 20.05.26 | N76: 30.05.26 | O76: =IFERROR(_xlfn.XLOOKUP(C76, Data!$A$2:$A$236, Data!$C$2:$C$236), "") -> Mr. Lipu Sir
A77: =A78+1 -> 145 | B77: 21089/26 | C77: NZ FABRICS LTD. | D77: EBL TRADE OPERATIONS GULSHAN BRANCH. | E77: 1475 2603 00977 | F77: 20.04.26 | G77: 46135 | H77: 162860 | J77: =SUM(Table14[[#This Row],[LC Value]:[Amd Value]]) -> 162860 | K77: 2.85 | L77: 38250 | M77: 30.04.26 | N77: 15.05.26 | O77: =IFERROR(_xlfn.XLOOKUP(C77, Data!$A$2:$A$236, Data!$C$2:$C$236), "") -> MD. Sir
A78: =A79+1 -> 144 | B78: 21085/26 | C78: NZ DENIM LTD. | D78: SHAHJALAL ISLAMI BANK LTD. KAWRAN BAZAR BRANCH | E78: 2970 2603 00053 | F78: 20.04.26 | G78: 46134 | H78: 59137.5 | J78: =SUM(Table14[[#This Row],[LC Value]:[Amd Value]]) -> 59137.5 | K78: 2.85 | L78: 20750 | M78: 30.04.26 | N78: 15.05.26 | O78: =IFERROR(_xlfn.XLOOKUP(C78, Data!$A$2:$A$236, Data!$C$2:$C$236), "") -> MD. Sir
A79: =A80+1 -> 143 | B79: 21088/26 | C79: NZ DENIM LTD. | D79: EBL TRADE OPERATIONS GULSHAN BRANCH. | E79: 1475 2603 00976 | F79: 20.04.26 | G79: 46135 | H79: 24662.5 | J79: =SUM(Table14[[#This Row],[LC Value]:[Amd Value]]) -> 24662.5 | K79: 3.55 | L79: 7000 | M79: 30.04.26 | N79: 15.05.26 | O79: =IFERROR(_xlfn.XLOOKUP(C79, Data!$A$2:$A$236, Data!$C$2:$C$236), "") -> MD. Sir
A80: =A81+1 -> 142 | B80: 21063/26 | C80: NZ DENIM LTD. | D80: BRAC BANK T.O. TEJGAON BRANCH. | E80: 3085 2603 00529 | F80: 19.04.26 | G80: 46133 | H80: 64970 | J80: =SUM(Table14[[#This Row],[LC Value]:[Amd Value]]) -> 64970 | K80: 2.2 | L80: 29200 | M80: 30.04.26 | N80: 15.05.26 | O80: =IFERROR(_xlfn.XLOOKUP(C80, Data!$A$2:$A$236, Data!$C$2:$C$236), "") -> MD. Sir
A81: =A82+1 -> 141 | B81: 21086/26 | C81: NZ FABRICS LTD. | D81: CITY BANK PLC TSD. GULSHAN BRANCH. | E81: 0751 2603 00654 | F81: 19.04.26 | G81: 46134 | H81: 9225 | J81: =SUM(Table14[[#This Row],[LC Value]:[Amd Value]]) -> 9225 | K81: 4.5 | L81: 2050 | M81: 30.04.26 | N81: 15.05.26 | O81: =IFERROR(_xlfn.XLOOKUP(C81, Data!$A$2:$A$236, Data!$C$2:$C$236), "") -> MD. Sir
A82: =A83+1 -> 140 | B82: 21082/26 | C82: NZ FABRICS LTD. | D82: EBL TO GULSHAN AVENUE | E82: 1475 2603 00945 | F82: 19.04.26 | G82: 46134 | H82: 10577.5 | J82: =SUM(Table14[[#This Row],[LC Value]:[Amd Value]]) -> 10577.5 | K82: 4.95 | L82: 2150 | M82: 30.04.26 | N82: 15.05.26 | O82: =IFERROR(_xlfn.XLOOKUP(C82, Data!$A$2:$A$236, Data!$C$2:$C$236), "") -> MD. Sir
A83: =A84+1 -> 139 | B83: 21080/26 | C83: NZ DENIM LTD. | D83: BRAC BANK T.O. TEJGAON BRANCH. | E83: 3085 2603 00554 | F83: 46127 | G83: 46133 | H83: 60952.5 | J83: =SUM(Table14[[#This Row],[LC Value]:[Amd Value]]) -> 60952.5 | K83: 2.25 | L83: 15050 | M83: 30.04.26 | N83: 15.05.26 | O83: =IFERROR(_xlfn.XLOOKUP(C83, Data!$A$2:$A$236, Data!$C$2:$C$236), "") -> MD. Sir
A84: =A85+1 -> 138 | B84: 21078/26 | C84: NZ FABRICS LTD. | D84: BRAC BANK T.O. TEJGAON BRANCH. | E84: 3085 2603 00543 | F84: 46127 | G84: 46132 | H84: 230700 | J84: =SUM(Table14[[#This Row],[LC Value]:[Amd Value]]) -> 230700 | K84: 2.25 | L84: 76000 | M84: 30.04.26 | N84: 15.05.26 | O84: =IFERROR(_xlfn.XLOOKUP(C84, Data!$A$2:$A$236, Data!$C$2:$C$236), "") -> MD. Sir
A85: =A86+1 -> 137 | B85: 21071/26 | C85: PACIFIC KNITEX LTD. | D85: HSBC CHATTOGRAM BRANCH | E85: DCBD1177208 | F85: 13.04.26 | G85: 46132 | H85: 146425 | J85: =SUM(Table14[[#This Row],[LC Value]:[Amd Value]]) -> 146425 | K85: 2.25 | L85: 116200 | M85: 30.04.26 | N85: 15.05.26 | O85: =IFERROR(_xlfn.XLOOKUP(C85, Data!$A$2:$A$236, Data!$C$2:$C$236), "") -> MD. Sir
A86: =A87+1 -> 136 | B86: 21072/26 | C86: NZ DENIM LTD. | D86: BRAC BANK T.O. TEJGAON BRANCH. | E86: 3085 2603 00527 | F86: 12.04.26 | G86: 46132 | H86: 264325 | J86: =SUM(Table14[[#This Row],[LC Value]:[Amd Value]]) -> 264325 | K86: 2.25 | L86: 116200 | M86: 30.04.26 | N86: 15.05.26 | O86: =IFERROR(_xlfn.XLOOKUP(C86, Data!$A$2:$A$236, Data!$C$2:$C$236), "") -> MD. Sir
A87: =A88+1 -> 135 | B87: 21061/26 | C87: M.M. KNITWEAR LTD. | D87: UCBL BANGSHAL BRANCH | E87: 1007 2604 00939 | F87: 12.04.26 | G87: 46127 | H87: 52910 | J87: =SUM(Table14[[#This Row],[LC Value]:[Amd Value]]) -> 52910 | K87: 3.4 | L87: 14300 | M87: 30.04.26 | N87: 15.05.26 | O87: =IFERROR(_xlfn.XLOOKUP(C87, Data!$A$2:$A$236, Data!$C$2:$C$236), "") -> Mr. Reza Sir
A88: =A89+1 -> 134 | B88: 21060/26 | C88: MAMUN KNITWEAR LTD. | D88: UCBL BANGSHAL BRANCH | E88: 1007 2604 00950 | F88: 12.04.26 | G88: 46125 | H88: 153672 | J88: =SUM(Table14[[#This Row],[LC Value]:[Amd Value]]) -> 153672 | K88: 3.4 | L88: 43850 | M88: 30.04.26 | N88: 15.05.26 | O88: =IFERROR(_xlfn.XLOOKUP(C88, Data!$A$2:$A$236, Data!$C$2:$C$236), "") -> Mr. Reza Sir
A89: =A90+1 -> 133 | B89: 21059/26 | C89: MAMUN KNITWEAR LTD. | D89: UCBL BANGSHAL BRANCH | E89: 1007 2604 00941 | F89: 12.04.26 | G89: 46125 | H89: 112230 | J89: =SUM(Table14[[#This Row],[LC Value]:[Amd Value]]) -> 112230 | K89: 3.4 | L89: 32400 | M89: 30.04.26 | N89: 15.05.26 | O89: =IFERROR(_xlfn.XLOOKUP(C89, Data!$A$2:$A$236, Data!$C$2:$C$236), "") -> Mr. Reza Sir
A90: =A91+1 -> 132 | B90: 21064/26 | C90: NZ DENIM LTD. | D90: SHAHJALAL ISLAMI BANK LTD. KAWRAN BAZAR BRANCH | E90: 2970 2603 00047 | F90: 09.04.26 | G90: 46127 | H90: 28325 | J90: =SUM(Table14[[#This Row],[LC Value]:[Amd Value]]) -> 28325 | K90: 3.4 | L90: 8250 | M90: 30.04.26 | N90: 15.05.26 | O90: =IFERROR(_xlfn.XLOOKUP(C90, Data!$A$2:$A$236, Data!$C$2:$C$236), "") -> MD. Sir
A91: =A92+1 -> 131 | B91: 21065/26 | C91: NZ DENIM LTD. | D91: SHAHJALAL ISLAMI BANK LTD. KAWRAN BAZAR BRANCH | E91: 2970 2603 00048 | F91: 09.04.26 | G91: 46127 | H91: 22495 | J91: =SUM(Table14[[#This Row],[LC Value]:[Amd Value]]) -> 22495 | K91: 3 | L91: 7400 | M91: 30.04.26 | N91: 15.05.26 | O91: =IFERROR(_xlfn.XLOOKUP(C91, Data!$A$2:$A$236, Data!$C$2:$C$236), "") -> MD. Sir
A92: =A93+1 -> 130 | B92: 21068/26 | C92: NZ FABRICS LTD. | D92: CITY BANK PLC TSD. GULSHAN BRANCH. | E92: 0751 2603 00610 | F92: 09.04.26 | G92: 46127 | H92: 45370 | J92: =SUM(Table14[[#This Row],[LC Value]:[Amd Value]]) -> 45370 | K92: 2.98 | L92: 14600 | M92: 30.04.26 | N92: 15.05.26 | O92: =IFERROR(_xlfn.XLOOKUP(C92, Data!$A$2:$A$236, Data!$C$2:$C$236), "") -> MD. Sir
A93: =A94+1 -> 129 | B93: 21067/26 | C93: NZ FABRICS LTD. | D93: CITY BANK PLC TSD. GULSHAN BRANCH. | E93: 0751 2603 00609 | F93: 09.04.26 | G93: 46127 | H93: 126280 | J93: =SUM(Table14[[#This Row],[LC Value]:[Amd Value]]) -> 126280 | K93: 2.98 | L93: 29000 | M93: 30.04.26 | N93: 15.05.26 | O93: =IFERROR(_xlfn.XLOOKUP(C93, Data!$A$2:$A$236, Data!$C$2:$C$236), "") -> MD. Sir
A94: =A95+1 -> 128 | B94: 21069/26 | C94: NZ DENIM LTD. | D94: BRAC BANK T.O. TEJGAON BRANCH. | E94: 3085 2603 00519 | F94: 01.04.26 | G94: 46134 | H94: 121992.5 | J94: =SUM(Table14[[#This Row],[LC Value]:[Amd Value]]) -> 121992.5 | K94: 2.98 | L94: 42100 | M94: 30.04.26 | N94: 15.05.26 | O94: =IFERROR(_xlfn.XLOOKUP(C94, Data!$A$2:$A$236, Data!$C$2:$C$236), "") -> MD. Sir
A95: =A96+1 -> 127 | B95: 20987/26 | C95: NOMAN TEXTILE MILLS LTD. | D95: DBBL CTS-NARAYANGANJ BRANCH | E95: 1689 2604 01151 | F95: 01.04.26 | G95: 46127 | H95: 30098 | J95: =SUM(Table14[[#This Row],[LC Value]:[Amd Value]]) -> 30098 | K95: 2.98 | L95: 10100 | M95: 30.04.26 | N95: 15.05.26 | O95: =IFERROR(_xlfn.XLOOKUP(C95, Data!$A$2:$A$236, Data!$C$2:$C$236), "") -> Mr. Wadud Sir
A96: =A97+1 -> 126 | B96: 21062/26 | C96: NZ FABRICS LTD. | D96: EBL TO GULSHAN AVENUE | E96: 1475 2603 00841 | F96: 46119 | G96: 46131 | H96: 33750 | J96: =SUM(Table14[[#This Row],[LC Value]:[Amd Value]]) -> 33750 | K96: 3.75 | L96: 9000 | M96: 30.04.26 | N96: 15.05.26 | O96: =IFERROR(_xlfn.XLOOKUP(C96, Data!$A$2:$A$236, Data!$C$2:$C$236), "") -> MD. Sir
A97: =A98+1 -> 125 | B97: 21055/26 | C97: NZ DENIM LTD. | D97: BRAC BANK T.O. TEJGAON BRANCH. | E97: 3085 2603 00488 | F97: 46119 | G97: 46121 | H97: 34027.5 | J97: =SUM(Table14[[#This Row],[LC Value]:[Amd Value]]) -> 34027.5 | K97: 2.65 | L97: 12800 | M97: 30.04.26 | N97: 15.05.26 | O97: =IFERROR(_xlfn.XLOOKUP(C97, Data!$A$2:$A$236, Data!$C$2:$C$236), "") -> MD. Sir
A98: =A99+1 -> 124 | B98: 21053/26 | C98: M.M. KNITWEAR LTD. | D98: UCBL BANGSHAL BRANCH | E98: 1007 2604 00839 | F98: 05.04.26 | G98: 46120 | H98: 35000 | J98: =SUM(Table14[[#This Row],[LC Value]:[Amd Value]]) -> 35000 | K98: 3.05 | L98: 4300 | M98: 30.04.26 | N98: 15.05.26 | O98: =IFERROR(_xlfn.XLOOKUP(C98, Data!$A$2:$A$236, Data!$C$2:$C$236), "") -> Mr. Reza Sir
A99: =A100+1 -> 123 | B99: 21052/26 | C99: M.M. KNITWEAR LTD. | D99: UCBL BANGSHAL BRANCH | E99: 1007 2604 00832 | F99: 05.04.26 | G99: 46120 | H99: 13435 | J99: =SUM(Table14[[#This Row],[LC Value]:[Amd Value]]) -> 13435 | K99: 3.05 | L99: 4300 | M99: 29.04.26 | N99: 14.05.26 | O99: =IFERROR(_xlfn.XLOOKUP(C99, Data!$A$2:$A$236, Data!$C$2:$C$236), "") -> Mr. Reza Sir
A100: =A101+1 -> 122 | B100: 21050/26 | C100: NZ FABRICS LTD. | D100: EBL TRADE OPERATIONS GULSHAN BRANCH. | E100: 1475 2603 00778 | F100: 05.04.26 | G100: 46120 | H100: 55690 | J100: =SUM(Table14[[#This Row],[LC Value]:[Amd Value]]) -> 55690 | K100: 3.1 | L100: 17750 | M100: 29.04.26 | N100: 14.05.26 | O100: =IFERROR(_xlfn.XLOOKUP(C100, Data!$A$2:$A$236, Data!$C$2:$C$236), "") -> MD. Sir
A101: =A102+1 -> 121 | B101: 20990/26 | C101: NOMAN TEXTILE MILLS LTD. | D101: DBBL CTS-TEJGAON BRANCH | E101: 1689 2604 01114 | F101: 31.03.26 | G101: 46117 | H101: 28906 | J101: =SUM(Table14[[#This Row],[LC Value]:[Amd Value]]) -> 28906 | K101: 2.98 | L101: 9700 | M101: 29.04.26 | N101: 14.05.26 | O101: =IFERROR(_xlfn.XLOOKUP(C101, Data!$A$2:$A$236, Data!$C$2:$C$236), "") -> Mr. Wadud Sir
A102: =A103+1 -> 120 | B102: 21051/26 | C102: NZ DENIM LTD. | D102: CITY BANK PLC TSD. GULSHAN BRANCH. | E102: 0751 2603 00562 | F102: 02.04.26 | G102: 46119 | H102: 12880 | J102: =SUM(Table14[[#This Row],[LC Value]:[Amd Value]]) -> 12880 | K102: 2.8 | L102: 4600 | M102: 04.05.26 | N102: 19.05.26 | O102: =IFERROR(_xlfn.XLOOKUP(C102, Data!$A$2:$A$236, Data!$C$2:$C$236), "") -> MD. Sir
A103: =A104+1 -> 119 | B103: 21047/26 | C103: NZ FABRICS LTD. | D103: EBL TO GULSHAN AVENUE | E103: 1475 2603 00741 | F103: 01.04.26 | G103: 46119 | H103: 17200 | J103: =SUM(Table14[[#This Row],[LC Value]:[Amd Value]]) -> 17200 | K103: 4.3 | L103: 4000 | M103: 22.04.26 | N103: 07.05.26 | O103: =IFERROR(_xlfn.XLOOKUP(C103, Data!$A$2:$A$236, Data!$C$2:$C$236), "") -> MD. Sir
A104: =A105+1 -> 118 | B104: 21046/26 | C104: MAMUN KNITWEAR LTD. | D104: UCBL BANGSHAL BRANCH | E104: 1007 2604 00789 | F104: 01.04.26 | G104: 46117 | H104: 45107.5 | J104: =SUM(Table14[[#This Row],[LC Value]:[Amd Value]]) -> 45107.5 | K104: 3.4 | L104: 12500 | M104: 30.04.26 | N104: 15.05.26 | O104: =IFERROR(_xlfn.XLOOKUP(C104, Data!$A$2:$A$236, Data!$C$2:$C$236), "") -> Mr. Reza Sir
A105: =A106+1 -> 117 | B105: 21039/26 | C105: NZ DENIM LTD. | D105: SHAHJALAL ISLAMI BANK LTD. KAWRAN BAZAR BRANCH | E105: 2970 2603 00043 | F105: 30.03.26 | G105: 46113 | H105: 23655 | J105: =SUM(Table14[[#This Row],[LC Value]:[Amd Value]]) -> 23655 | K105: 2.85 | L105: 8300 | M105: 29.04.26 | N105: 14.05.26 | O105: =IFERROR(_xlfn.XLOOKUP(C105, Data!$A$2:$A$236, Data!$C$2:$C$236), "") -> MD. Sir
A106: =A107+1 -> 116 | B106: 21042/26 | C106: NZ FABRICS LTD. | D106: BRAC BANK T.O. TEJGAON BRANCH. | E106: 3085 2603 00459 | F106: 30.03.26 | G106: 46113 | H106: 31680 | J106: =SUM(Table14[[#This Row],[LC Value]:[Amd Value]]) -> 31680 | K106: 4.95 | L106: 6400 | M106: 29.04.26 | N106: 14.05.26 | O106: =IFERROR(_xlfn.XLOOKUP(C106, Data!$A$2:$A$236, Data!$C$2:$C$236), "") -> MD. Sir
A107: =A108+1 -> 115 | B107: 21041/26 | C107: NZ FABRICS LTD. | D107: EBL TRADE OPERATIONS GULSHAN BRANCH. | E107: 1475 2603 00708 | F107: 30.03.26 | G107: 46113 | H107: 42142.5 | J107: =SUM(Table14[[#This Row],[LC Value]:[Amd Value]]) -> 42142.5 | K107: 4.95 | L107: 8550 | M107: 10.05.26 | N107: 25.05.26 | O107: =IFERROR(_xlfn.XLOOKUP(C107, Data!$A$2:$A$236, Data!$C$2:$C$236), "") -> MD. Sir
A108: =A109+1 -> 114 | B108: 21043/26 | C108: NZ DENIM LTD. | D108: BRAC BANK T.O. TEJGAON BRANCH. | E108: 3085 2603 00457 | F108: 29.03.26 | G108: 46113 | H108: 141035 | J108: =SUM(Table14[[#This Row],[LC Value]:[Amd Value]]) -> 141035 | K108: 2.9 | L108: 48300 | M108: 28.04.26 | N108: 13.05.26 | O108: =IFERROR(_xlfn.XLOOKUP(C108, Data!$A$2:$A$236, Data!$C$2:$C$236), "") -> MD. Sir
A109: =A110+1 -> 113 | B109: 21040/26 | C109: NZ FABRICS LTD. | D109: CITY BANK PLC TSD. GULSHAN BRANCH. | E109: 0751 2603 00529 | F109: 29.03.26 | G109: 46113 | H109: 146182.5 | J109: =SUM(Table14[[#This Row],[LC Value]:[Amd Value]]) -> 146182.5 | K109: 4.45 | L109: 32850 | M109: 28.04.26 | N109: 13.05.26 | O109: =IFERROR(_xlfn.XLOOKUP(C109, Data!$A$2:$A$236, Data!$C$2:$C$236), "") -> MD. Sir
... A134: =A135+1 -> 88 | B134: 21010/26 | C134: NZ DENIM LTD. | D134: BRAC BANK T.O. TEJGAON BRANCH. | E134: 3085 2603 00377 | F134: 04.03.26 | G134: 46093 | H134: 31857.5 | J134: =SUM(Table14[[#This Row],[LC Value]:[Amd Value]]) -> 31857.5 | K134: 2.75 | L134: 12400 | M134: 30.04.26 | N134: 15.05.26 | O134: =IFERROR(_xlfn.XLOOKUP(C134, Data!$A$2:$A$236, Data!$C$2:$C$236), "") -> MD. Sir
A135: =A136+1 -> 87 | B135: 20989/26 20988/26 | C135: NOMAN TEXTILE MILLS LTD. | D135: DBBL CTS-TEJGAON BRANCH | E135: 1689 2604 00722 | F135: 03.03.26 | G135: 46089 | H135: =29502+30694 -> 60196 | J135: =SUM(Table14[[#This Row],[LC Value]:[Amd Value]]) -> 60196 | K135: 2.98 | L135: =9900+10300 -> 20200 | M135: 30.03.26 | N135: 14.04.26 | O135: =IFERROR(_xlfn.XLOOKUP(C135, Data!$A$2:$A$236, Data!$C$2:$C$236), "") -> Mr. Wadud Sir
A136: =A137+1 -> 86 | B136: 21011/26 | C136: NZ DENIM LTD. | D136: SHAHJALAL ISLAMI BANK LTD. KAWRAN BAZAR BRANCH | E136: 2970 2603 00038 | F136: 03.03.26 | G136: 46089 | H136: 72840 | J136: =SUM(Table14[[#This Row],[LC Value]:[Amd Value]]) -> 72840 | K136: 2.35 | L136: 29850 | M136: 30.03.26 | N136: 14.04.26 | O136: =IFERROR(_xlfn.XLOOKUP(C136, Data!$A$2:$A$236, Data!$C$2:$C$236), "") -> MD. Sir
A137: =A138+1 -> 85 | B137: 21008/26 | C137: NZ DENIM LTD. | D137: CITY BANK PLC TSD. GULSHAN BRANCH. | E137: 0751 2603 00367 | F137: 01.03.26 | G137: 46086 | H137: 260000 | J137: =SUM(Table14[[#This Row],[LC Value]:[Amd Value]]) -> 260000 | K137: 2.8 | L137: 93400 | M137: 24.03.26 | N137: 08.04.26 | O137: =IFERROR(_xlfn.XLOOKUP(C137, Data!$A$2:$A$236, Data!$C$2:$C$236), "") -> MD. Sir
A138: =A139+1 -> 84 | B138: 21006/26 | C138: NZ DENIM LTD. | D138: SHAHJALAL ISLAMI BANK LTD. KAWRAN BAZAR BRANCH | E138: 2970 2603 00035 | F138: 01.03.26 | G138: 46086 | H138: 281350 | J138: =SUM(Table14[[#This Row],[LC Value]:[Amd Value]]) -> 281350 | K138: 3 | L138: 117800 | M138: 24.03.26 | N138: 08.04.26 | O138: =IFERROR(_xlfn.XLOOKUP(C138, Data!$A$2:$A$236, Data!$C$2:$C$236), "") -> MD. Sir
...

Sheet NZDY
A1: Sl No | B1: PI NO | C1: Applicant Name | D1: Issuing Bank | E1: LC Number | F1: LC Date | G1: LC Rev Date | H1: LC Value | I1: Amd Value | J1: Total | K1: Unit Price | L1: Quantity | M1: Shipment Date | N1: Expiry Date | O1: Marketing Person
A2: 39 | B2: 0073/26 | C2: NZ FABRICS LTD. | D2: BRAC BANK T.O. TEJGAON BRANCH. | E2: 3085 2603 00919 | F2: 18.06.26 | G2: 46193 | H2: 24050 | J2: =SUM(Table145[[#This Row],[LC Value]:[Amd Value]]) -> 24050 | K2: 13 | L2: 1850 | M2: 25.07.26 | N2: 09.08.26 | O2: =IFERROR(_xlfn.XLOOKUP(C2, Data!$A$2:$A$236, Data!$C$2:$C$236), "") -> MD. Sir
A3: 38 | B3: 0074/26 | C3: NZ FABRICS LTD. | D3: CITY BANK PLC TSD. GULSHAN BRANCH. | E3: 0751 2603 00967 | F3: 18.06.26 | G3: 46193 | H3: 8000 | J3: =SUM(Table145[[#This Row],[LC Value]:[Amd Value]]) -> 8000 | K3: 16 | L3: 500 | M3: 25.07.26 | N3: 09.08.26 | O3: =IFERROR(_xlfn.XLOOKUP(C3, Data!$A$2:$A$236, Data!$C$2:$C$236), "") -> MD. Sir
A4: 37 | B4: 0069/26 | C4: ACS TEXTILES (BANGLADESH) LTD. | D4: SOUTHEAST BANK LTD. PRINCIPAL BRANCH | E4: 1335 2603 00226 | F4: 16.06.26 | G4: 46194 | H4: 48820 | J4: =SUM(Table145[[#This Row],[LC Value]:[Amd Value]]) -> 48820 | K4: 19.7 | L4: 2000 | M4: 05.08.26 | N4: 25.08.26 | O4: =IFERROR(_xlfn.XLOOKUP(C4, Data!$A$2:$A$236, Data!$C$2:$C$236), "") -> Director Sir
A5: 36 | B5: 0071/26 | C5: NZ FABRICS LTD. | D5: CITY BANK PLC TSD. GULSHAN BRANCH. | E5: 0751 2603 00938 | F5: 11.06.26 | G5: 46191 | H5: 12150 | J5: =SUM(Table145[[#This Row],[LC Value]:[Amd Value]]) -> 12150 | K5: 13.5 | L5: 900 | M5: 24.06.26 | N5: 09.07.26 | O5: =IFERROR(_xlfn.XLOOKUP(C5, Data!$A$2:$A$236, Data!$C$2:$C$236), "") -> MD. Sir
A6: 35 | B6: 0070/26 | C6: NZ DENIM LTD. | D6: CITY BANK PLC TSD. GULSHAN BRANCH. | E6: 0751 2603 00935 | F6: 10.06.26 | G6: 46191 | H6: 9800 | J6: =SUM(Table145[[#This Row],[LC Value]:[Amd Value]]) -> 9800 | K6: 14 | L6: 700 | M6: 24.06.26 | N6: 09.07.26 | O6: =IFERROR(_xlfn.XLOOKUP(C6, Data!$A$2:$A$236, Data!$C$2:$C$236), "") -> MD. Sir
A7: 34 | B7: 0066/26 | C7: NZ FABRICS LTD. | D7: CITY BANK PLC TSD. GULSHAN BRANCH. | E7: 0751 2603 00917 | F7: 01.06.26 | G7: 46181 | H7: 125550 | J7: =SUM(Table145[[#This Row],[LC Value]:[Amd Value]]) -> 125550 | K7: 13.5 | L7: 9300 | M7: 10.07.26 | N7: 25.07.26 | O7: =IFERROR(_xlfn.XLOOKUP(C7, Data!$A$2:$A$236, Data!$C$2:$C$236), "") -> MD. Sir
A8: 33 | B8: 0065/26 | C8: NZ FABRICS LTD. | D8: BRAC BANK T.O. TEJGAON BRANCH. | E8: 3085 2603 00827 | F8: 23.05.26 | G8: 46181 | H8: 8000 | J8: =SUM(Table145[[#This Row],[LC Value]:[Amd Value]]) -> 8000 | K8: 20 | L8: 400 | M8: 10.07.26 | N8: 25.07.26 | O8: =IFERROR(_xlfn.XLOOKUP(C8, Data!$A$2:$A$236, Data!$C$2:$C$236), "") -> MD. Sir
A9: 32 | B9: 0063/26 | C9: NZ FABRICS LTD. | D9: CITY BANK PLC TSD. GULSHAN BRANCH. | E9: 0751 2603 00903 | F9: 23.05.26 | G9: 46181 | H9: 25200 | J9: =SUM(Table145[[#This Row],[LC Value]:[Amd Value]]) -> 25200 | K9: 14 | L9: 1800 | M9: 10.07.26 | N9: 25.07.26 | O9: =IFERROR(_xlfn.XLOOKUP(C9, Data!$A$2:$A$236, Data!$C$2:$C$236), "") -> MD. Sir
A10: 31 | B10: 0060/26 | C10: NZ FABRICS LTD. | D10: CITY BANK PLC TSD. GULSHAN BRANCH. | E10: 0751 2603 00830 | F10: 13.05.26 | G10: 46162 | H10: 14950 | J10: =SUM(Table145[[#This Row],[LC Value]:[Amd Value]]) -> 14950 | K10: 13 | L10: 1150 | M10: 10.07.26 | N10: 25.07.26 | O10: =IFERROR(_xlfn.XLOOKUP(C10, Data!$A$2:$A$236, Data!$C$2:$C$236), "") -> MD. Sir
A11: 30 | B11: 0059/26 | C11: NZ DENIM LTD. | D11: BRAC BANK T.O. TEJGAON BRANCH. | E11: 3085 2603 00752 | F11: 13.05.26 | G11: 46161 | H11: 13300 | J11: =SUM(Table145[[#This Row],[LC Value]:[Amd Value]]) -> 13300 | K11: 14 | L11: 950 | M11: 10.07.26 | N11: 25.07.26 | O11: =IFERROR(_xlfn.XLOOKUP(C11, Data!$A$2:$A$236, Data!$C$2:$C$236), "") -> MD. Sir
A12: 29 | B12: 0047/26 | C12: ACS TEXTILES (BANGLADESH) LTD. | D12: SOUTHEAST BANK LTD. PRINCIPAL BRANCH | E12: 1335 2604 01427 | F12: 27.04.26 | G12: 46147 | H12: 91000 | J12: =SUM(Table145[[#This Row],[LC Value]:[Amd Value]]) -> 91000 | K12: 19 | L12: 4800 | M12: 23.06.26 | N12: 08.07.26 | O12: =IFERROR(_xlfn.XLOOKUP(C12, Data!$A$2:$A$236, Data!$C$2:$C$236), "") -> Director Sir
A13: 28 | B13: 0055/26 | C13: NZ FABRICS LTD. | D13: CITY BANK PLC TSD. GULSHAN BRANCH. | E13: 0751 2603 00738 | F13: 29.04.26 | G13: 46147 | H13: 16800 | J13: =SUM(Table145[[#This Row],[LC Value]:[Amd Value]]) -> 16800 | K13: 16 | L13: 1050 | M13: 27.04.26 | N13: 12.05.26 | O13: =IFERROR(_xlfn.XLOOKUP(C13, Data!$A$2:$A$236, Data!$C$2:$C$236), "") -> MD. Sir
... A17: 24 | B17: 0045/26 | C17: AKIJ TEXTILE MILLS LTD. | D17: ISLAMI BANK PLC. HEAD OFFICE COMPLEX BRANCH | E17: 0887 2604 0143 | F17: 07.04.26 | G17: 46131 | H17: 17000 | J17: =SUM(Table145[[#This Row],[LC Value]:[Amd Value]]) -> 17000 | K17: 17 | L17: 1000 | M17: 13.04.26 | N17: 23.04.26 | O17: =IFERROR(_xlfn.XLOOKUP(C17, Data!$A$2:$A$236, Data!$C$2:$C$236), "") -> Mr. Lipu Sir
A18: 23 | B18: 0043/26 | C18: NZ DENIM LTD. | D18: CITY BANK PLC TSD. GULSHAN BRANCH. | E18: 0751 2603 00544 | F18: 31.03.26 | G18: 46119 | H18: 9100 | I18: 16100 | J18: =SUM(Table145[[#This Row],[LC Value]:[Amd Value]]) -> 25200 | K18: 14 | L18: 650 | M18: 13.04.26 | N18: 23.04.26 | O18: =IFERROR(_xlfn.XLOOKUP(C18, Data!$A$2:$A$236, Data!$C$2:$C$236), "") -> MD. Sir
A19: 22 | B19: 0035/26 | C19: HOORAIN HTF LTD. | D19: AGRANI BANK PLC PRINCIPAL BRANCH | E19: 0001 2604 00444 | F19: 29.03.26 | G19: 46114 | H19: 75075 | J19: =SUM(Table145[[#This Row],[LC Value]:[Amd Value]]) -> 75075 | K19: 16.5 | L19: 4550 | M19: 13.04.26 | N19: 23.04.26 | O19: =IFERROR(_xlfn.XLOOKUP(C19, Data!$A$2:$A$236, Data!$C$2:$C$236), "") -> Mr. Lipu Sir
A20: 21 | B20: 0036/26 | C20: HOORAIN HTF LTD. | D20: AGRANI BANK PLC PRINCIPAL BRANCH | E20: 0001 2604 00445 | F20: 29.03.26 | G20: 46114 | H20: 72600 | J20: =SUM(Table145[[#This Row],[LC Value]:[Amd Value]]) -> 72600 | K20: 16.5 | L20: 4400 | M20: 13.04.26 | N20: 23.04.26 | O20: =IFERROR(_xlfn.XLOOKUP(C20, Data!$A$2:$A$236, Data!$C$2:$C$236), "") -> Mr. Lipu Sir
A21: 20 | B21: 0033/26 | C21: HOORAIN HTF LTD. | D21: AGRANI BANK PLC PRINCIPAL BRANCH | E21: 0001 2604 00341 | F21: 10.03.26 | G21: 46097 | H21: 77500 | J21: =SUM(Table145[[#This Row],[LC Value]:[Amd Value]]) -> 77500 | K21: 16.5 | L21: 4700 | M21: 19.04.26 | N21: 29.04.26 | O21: =IFERROR(_xlfn.XLOOKUP(C21, Data!$A$2:$A$236, Data!$C$2:$C$236), "") -> Mr. Lipu Sir
A22: 19 | B22: 0034/26 | C22: HOORAIN HTF LTD. | D22: AGRANI BANK PLC PRINCIPAL BRANCH | E22: 0001 2604 00345 | F22: 10.03.26 | G22: 46097 | H22: 75900 | J22: =SUM(Table145[[#This Row],[LC Value]:[Amd Value]]) -> 75900 | K22: 16.5 | L22: 4600 | M22: 29.03.26 | N22: 23.04.26 | O22: =IFERROR(_xlfn.XLOOKUP(C22, Data!$A$2:$A$236, Data!$C$2:$C$236), "") -> Mr. Lipu Sir
A23: 18 | B23: 0031/26 | C23: HOORAIN HTF LTD. | D23: AGRANI BANK PLC PRINCIPAL BRANCH | E23: 0001 2604 00343 | F23: 10.03.26 | G23: 46097 | H23: 79200 | J23: =SUM(Table145[[#This Row],[LC Value]:[Amd Value]]) -> 79200 | K23: 16.5 | L23: 4800 | M23: 29.03.26 | N23: 08.04.26 | O23: =IFERROR(_xlfn.XLOOKUP(C23, Data!$A$2:$A$236, Data!$C$2:$C$236), "") -> Mr. Lipu Sir
A24: 17 | B24: 0038/26 | C24: NZ FABRICS LTD. | D24: CITY BANK PLC TSD. GULSHAN BRANCH. | E24: 0751 2603 00439 | F24: 19.02.26 | G24: 46097 | H24: 38150 | J24: =SUM(Table145[[#This Row],[LC Value]:[Amd Value]]) -> 38150 | K24: 12 | L24: 3150 | M24: 20.04.26 | N24: 05.05.26 | O24: =IFERROR(_xlfn.XLOOKUP(C24, Data!$A$2:$A$236, Data!$C$2:$C$236), "") -> MD. Sir
A25: 16 | B25: 0029/26 | C25: ACS TEXTILES (BANGLADESH) LTD. | D25: MIDLAND BANK PLC GULSHAN BRANCH | E25: 3355 2604 00120 | F25: 19.02.26 | G25: 46085 | H25: 69125 | J25: =SUM(Table145[[#This Row],[LC Value]:[Amd Value]]) -> 69125 | K25: 17.5 | L25: 3950 | M25: 20.04.26 | N25: 05.05.26 | O25: =IFERROR(_xlfn.XLOOKUP(C25, Data!$A$2:$A$236, Data!$C$2:$C$236), "") -> Director Sir
A26: 15 | B26: 0037/26 | C26: NZ DENIM LTD. | D26: BRAC BANK T.O. TEJGAON BRANCH. | E26: 3085 2603 00364 | F26: 02.03.26 | G26: 46090 | H26: 36400 | J26: =SUM(Table145[[#This Row],[LC Value]:[Amd Value]]) -> 36400 | K26: 14 | L26: 2600 | M26: 26.03.26 | N26: 10.04.26 | O26: =IFERROR(_xlfn.XLOOKUP(C26, Data!$A$2:$A$236, Data!$C$2:$C$236), "") -> MD. Sir
A27: 14 | B27: 0028/26 | C27: NZ FABRICS LTD. | D27: EBL TO GULSHAN AVENUE | E27: 1475 2603 00342 | F27: 10.02.26 | G27: 46072 | H27: 8800 | J27: =SUM(Table145[[#This Row],[LC Value]:[Amd Value]]) -> 8800 | K27: 16 | L27: 550 | M27: 09.03.26 | N27: 24.03.26 | O27: =IFERROR(_xlfn.XLOOKUP(C27, Data!$A$2:$A$236, Data!$C$2:$C$236), "") -> MD. Sir
A28: 13 | B28: 0026/26 | C28: NZ FABRICS LTD. | D28: EBL TO GULSHAN AVENUE | E28: 1475 2603 00271 | F28: 02.02.26 | G28: 46070 | H28: 53600 | J28: =SUM(Table145[[#This Row],[LC Value]:[Amd Value]]) -> 53600 | K28: 16 | L28: 3350 | M28: 27.02.26 | N28: 14.03.26 | O28: =IFERROR(_xlfn.XLOOKUP(C28, Data!$A$2:$A$236, Data!$C$2:$C$236), "") -> MD. Sir
A29: 12 | B29: 0025/26 | C29: NZ FABRICS LTD. | D29: CITY BANK PLC TSD. GULSHAN BRANCH. | E29: 0751 2603 00235 | F29: 02.02.26 | G29: 46062 | H29: 26000 | J29: =SUM(Table145[[#This Row],[LC Value]:[Amd Value]]) -> 26000 | K29: 13 | L29: 2000 | M29: 27.02.26 | N29: 14.03.26 | O29: =IFERROR(_xlfn.XLOOKUP(C29, Data!$A$2:$A$236, Data!$C$2:$C$236), "") -> MD. Sir
A30: 11 | B30: 0023/26 | C30: NZ DENIM LTD. | D30: SHAHJALAL ISLAMI BANK LTD. KAWRAN BAZAR BRANCH | E30: 2970 2603 00025 | F30: 29.01.26 | G30: 46056 | H30: 10200 | J30: =SUM(Table145[[#This Row],[LC Value]:[Amd Value]]) -> 10200 | K30: 12 | L30: 850 | M30: 13.03.26 | N30: 28.03.26 | O30: =IFERROR(_xlfn.XLOOKUP(C30, Data!$A$2:$A$236, Data!$C$2:$C$236), "") -> MD. Sir
... A40: 01 | B40: 0002/25 | C40: NZ FABRICS LTD. | D40: EBL TRADE OPERATIONS GULSHAN BRANCH. | E40: 1475 2603 00014 | F40: 04.01.26 | G40: 46035 | H40: 32250 | J40: =SUM(Table145[[#This Row],[LC Value]:[Amd Value]]) -> 32250 | K40: 15 | L40: 2150 | M40: 04.02.26 | N40: 19.02.26 | O40: =IFERROR(_xlfn.XLOOKUP(C40, Data!$A$2:$A$236, Data!$C$2:$C$236), "") -> MD. Sir

Sheet Data
A1: Applicant Name | B1: Bank | C1: Marketing Person | E1: Bank Keyword | F1: LC Prefix
A2: ABF KNIT WEAR LTD. | B2: JANATA BANK PLC. NARAYANGANJ BRANCH | C2: Mr. Lipu Sir | E2: BRAC BANK | F2: 3085
A3: ABLOOM DESIGN LTD. | B3: PREMIER BANK LTD. NARAYANGONJ BRANCH | C3: Mr. Amran Sir | E3: DBBL | F3: 1680
A4: ABONI TEXTILES LTD. | B4: HSBC TEJGAON BRANCH | C4: Mr. Reza Sir | E4: CITY BANK | F4: 0751
A5: ACS TEXTILES (BANGLADESH) LTD. | B5: SOUTHEAST BANK LTD. PRINCIPAL BRANCH | C5: Director Sir | E5: EBL | F5: 1475
A6: ACS TOWELS LTD. | B6: SOUTHEAST BANK LTD. PRINCIPAL BRANCH | C6: Director Sir | E6: SHAHJALAL ISLAMI BANK | F6: 2970
A7: ACTIVE COMPOSITE MILLS LTD. | B7: MERCANTILE BANK PLC. BANANI BRANCH | C7: Mr. Lipu Sir | E7: PREMIER BANK | F7: 2155
A8: AFIYA KNITWEAR LTD. | B8: SOCIAL ISLAMI BANK PLC. UTTARA BRANCH | C8: Mr. Lipu Sir | E8: UCBL | F8: 1021
A9: AKIJ TEXTILE MILLS LTD. | B9: COMMERCIAL BANK OF CEYLON PLC GULSHAN BRANCH | C9: Mr. Lipu Sir | E9: DHAKA BANK | F9: 1416
A10: ALIM KNIT (BD) LTD. | B10: SHAHJALAL ISLAMI BANK PLC UTTARA BRANCH | C10: Director Sir | E10: AL-ARAFAH ISLAMI BANK | F10: 1088
A11: ALLIANCE KNIT COMPOSITE LTD. | B11: UCBL FOREIGN EXCHANGE BRANCH | C11: Mr. Reza Sir | E11: EXIM BANK | F11: 1952
A12: APEX FASHION WEAR LTD. | B12: BRAC BANK T.O. TEJGAON BRANCH. | C12: Mr. Sohel Sir | E12: ONE BANK | F12: 1877
A13: APEX SPINNING & KNITING MILLS LTD. | B13: HSBC TEJGAON BRANCH | C13: Mr. Sohel Sir | E13: ISLAMI BANK | F13: 0887
A14: APEX TEXTILE PRINTING MILLS LTD. | B14: HSBC TEJGAON BRANCH | C14: Mr. Sohel Sir | E14: STANDARD CHARTERED | F14: 4110
A15: APPARELS VILLAGE LTD. | B15: ONE BANK PLC PRINCIPAL BRANCH | C15: Director Sir | E15: MODHUMOTI BANK | F15: 3505
A16: APS APPARELS LTD. | B16: UCBL TSC MOTIJHEEL BRANCH | C16: Mr. Reza Sir | E16: AGRANI BANK | F16: 0033
A17: AR TEX COMPOSITE LTD. | B17: DBBL CTS-NARAYANGANJ BRANCH | C17: Mr. Sohel Sir | E17: IFIC BANK | F17: 0796
A18: ARGON DENIMS LTD. | B18: ONE BANK PLC MOGHBAZAR BRANCH | C18: Mr. Lipu Sir | E18: PUBALI BANK | F18: 0201
A19: ARKAY KNIT DYEING MILLS LTD. | B19: MUTUAL TRUST BANK LTD. MIST MOTIJHEEL BRANCH | C19: Mr. Lipu Sir | E19: BANK ASIA | F19: 2090
A20: AXIS KNITWEARS LTD. | B20: DBBL CTS-TEJGAON BRANCH | C20: Mr. Amran Sir | E20: HSBC | F20: DPCB
A21: BARNALI TEXTILE AND PRINTING IND. (PVT) LTD. | B21: JAMUNA BANK N.GONJ BRANCH. | C21: Mr. Wadud Sir | E21: NCC BANK | F21: 1616
A22: BEA-CON KNITWEAR LTD. | B22: UCBL TSC DILKUSHA BRANCH | C22: Mr. Lipu Sir | E22: SOCIAL ISLAMI BANK | F22: 1216
A23: BLUE PLANET FASHION WEAR LTD. | B23: ISLAMI BANK BANGLADESH PLC VIP ROAD BRANCH | C23: Mr. Lipu Sir | E23: MERCANTILE BANK | F23: 1747
A24: BLUE PLANET KNITWEAR LTD. | B24: MODHUMOTI BANK PLC UTTARA BRANCH | C24: Mr. Lipu Sir | E24: JAMUNA BANK | F24: 3054
A25: BONIAN KNIT FASHION LTD. | B25: SHAHJALAL ISLAMI BANK PLC. DHKA MAIN BRANCH. DILKUSHA | C25: Mr. Reza Sir | E25: TRUST BANK | F25: 2361
A26: BOTTOMS GALLERY (PVT) LTD. | B26: AGRANI BANK PLC GULSHAN CORPORATE BRANCH | C26: Mr. Amran Sir | E26: MTB | F26: 2228
A27: BRAVO DESIGN LTD. | B27: AGRANI BANK LTD. SHEEATON HOTEL BRANCH | C27: Mr. Reza Sir | E27: JANATA BANK | F27: 0108
A28: CA KNITWEAR LTD. | B28: UNITED COMMERCIAL BANK PLC. GULSHAN BRANCH | C28: Mr. Reza Sir | E28: EBL | F28: 1471
A29: CHAITY COMPOSITE LTD. | B29: SOUTHEAST BANK PLC. GULSHAN BRANCH | C29: Mr. Wadud Sir | E29: STANDARD BANK | F29: 1822
A30: CHORKA TEXTILE LTD. | B30: ISLAMI BANK PLC. HEAD OFFICE COMPLEX BRANCH | C30: Mr. Lipu Sir | E30: SOUTHEAST BANK | F30: 1346
A31: COLOUR AND CO.LTD | B31: UCBL UTTARA BRANCH | C31: Mr. Lipu Sir | E31: PREMIER BANK | F31: 2152
A32: COMFIT COMPOSITE KNIT LTD. | B32: HSBC TEJGAON BRANCH | C32: Mr. Reza Sir | E32: UNITED COMMERCIAL BANK | F32: 1021
A33: COMPTEX BANGLADESH LTD. | B33: BANK ASIA LTD BANANI BRANCH | C33: Mr. Reza Sir | E33: COMMERCIAL BANK OF CEYLON PLC | F33: 2655
A34: CONFIDENCE KNITTING IND. LTD. | B34: MASHREQ BANK PSC. NEW YORK | C34: Mr. Lipu Sir | E34: SHAHJALAL ISLAMI BANK | F34: 2969
A35: CONFIDENCE KNITWEAR LTD. | B35: ISLAMI BANK BANGLADESH PLC. UTTARA BRANCH | C35: Mr. Lipu Sir | E35: HSBC | F35: BBCD
A36: COTTON CLUB (BD) LTD. | B36: UNITED COMMERCIAL BANK PLC. NIKUNJA BRANCH | C36: Director Sir | E36: SHAHJALAL ISLAMI BANK | F36: 2979
A37: DICA TEX LTD. | B37: TRUST BANK UTTARA BRANCH | C37: Mr. Lipu Sir | E37: SOUTHEAST BANK | F37: 1335
A38: DIP KNITWEAR LTD. | B38: SJIBL BANANI BRANCH | C38: Mr. Lipu Sir | E38: AGRANI BANK | F38: 0006
A39: DIVINE FABRICS LTD. | B39: DHAKA BANK PLC.. CPC-TO. PURANA PALTAN LANE | C39: Mr. Reza Sir | E39: PREMIER BANK | F39: 2162
A40: DIVING SPINNING MILLS LTD. | B40: DHAKA BANK PLC. TO GULSHAN BRANCH | C40: Director Sir | E40: DBBL | F40: 1690
A41: DRESSY CLOTHING LTD. | B41: AL-ARAFAH ISLAMI BANK PLC GULSHAN BRANCH | C41: Mr. Lipu Sir | E41: PUBALI BANK | F41: 0202
... A101: MAHMUD FABRICS & FINISHING LTD. | B101: AL-ARAFAH ISLAMI BANK LTD. GULSHAN BRANCH | C101: Mr. Reza Sir | E101: SOUTHEAST BANK | F101: 1351
A102: MAHMUDA ATTIRES LTD. | B102: MERCANTILE BANK PLC. BANANI BRANCH | C102: Mr. Lipu Sir
A103: MAJIB FASHIONS LTD | B103: PREMIER BANK LTD. NARAYANGONJ BRANCH | C103: Mr. Amran Sir
A104: MAMUN KNITWEAR LTD. | B104: UCBL GULSHAN BRANCH. | C104: Mr. Reza Sir
A105: MASCO COTTONS LTD. | B105: JAMUNA BANK MOHAKHALI BRANCH. | C105: Mr. Lipu Sir
A106: MASCO INDUSTRIES LTD. | B106: PUBALI BANK PLC. MOHAKHALI BRANCH | C106: Mr. Lipu Sir
A107: MASCOM COMPOSITE LTD. | B107: PUBALI BANK LTD. PRINCIPAL BRANCH | C107: Mr. Reza Sir
A108: MAZIB FASHIONS LTD. | B108: PREMIER BANK LTD. N.GONJ BRANCH | C108: Mr. Amran Sir
A109: METRO KNITTING & DYEING MILLS LTD. | B109: UCBL NARAYANGANJ BRANCH | C109: Mr. Lipu Sir
A110: MODELE DE CAPITAL IND. LTD. | B110: PUBALI BANK N.GONJ BRANCH. | C110: Director Sir
A111: MONDOL FABRICS LTD. | B111: UCBL TFO NIKUNJA BRANCH. | C111: Director Sir
A112: N.R. KNITTING MILLS LTD. | B112: DBBL NARAYANGANJ BRANCH | C112: Mr. Sohel Sir
A113: NEWAGE TEXTILES LTD. | B113: SHAHJALAL ISLAMI BANK LTD. FOREIGN EXCHANGE BRANCH | C113: Mr. Reza Sir
... A193: ASTRO KNITWEAR LTD. | B193: PREMIER BANK PLC AGRABAD BRANCH | C193: Mr. Reza Sir
A194: S AND P BANGLA LIMITED | C194: Mr. Lipu Sir
A195: SAMSONS KNIT WEAR INDS. LTD. | C195: Mr. Shahbuddin
A196: KNIT GARDEN (PVT) LTD. | C196: Mr. Amran Sir
A197: SB STYLE COMPOSITE LIMITED | C197: Mr. Reza Sir
A198: A & O APPARELS (PVT) LTD. | C198: Mr. Amran Sir
A199: ABDULLAH FASHIONS LTD. | C199: Mr. Lipu Sir
A200: KNIT ASIA LTD. | C200: Mr. Sohel Sir
A201: NKM FASHION LIMITED | C201: Mr. Lipu Sir
A202: AMANAT SHAH FABRICS LIMITED | C202: Mr. Lipu Sir
A203: OSMAN GARMENTS LTD. | B203: BENGAL COMMERCIAL BANK PLC Corporate Branch | C203: Mr. Shahbuddin
A204: RIZVI FASHIONS LTD | C204: Mr. Lipu Sir
A205: Pakiza Knit Composite Ltd. | C205: Mr. Lipu Sir
A206: AST KNITWEAR LTD. | C206: Mr. Reza Sir
A207: SCANDEX TEXTILE INDUSTRIES LTD. | C207: Mr. Lipu Sir
A208: SONNET TEXTILE INDUSTRIES LTD. | C208: Mr. Lipu Sir
